"",ticker,n_eventos,mae_beta,mae_pdr,mse_beta,mse_pdr,rmse_beta,rmse_pdr,melhor_modelo
0,A,44,0.419515,0.413388,0.319685,0.303077,0.565407,0.550525,pdr
1,AAP,44,0.631752,0.647670,0.757663,0.807877,0.870439,0.898820,beta_div
2,AAPL,45,0.666414,0.532628,0.861377,0.763807,0.928104,0.873960,pdr
3,AAT,45,0.257301,0.158671,0.093342,0.046693,0.305520,0.216086,pdr
4,ABBV,45,0.697576,0.506483,0.721901,0.497280,0.849648,0.705181,pdr
5,ABCB,43,0.201659,0.184884,0.068930,0.063886,0.262545,0.252758,pdr
6,ABM,44,0.214541,0.207492,0.078163,0.077037,0.279577,0.277555,pdr
7,ABR,45,0.095336,0.077120,0.013199,0.009697,0.114888,0.098472,pdr
8,ACP,134,0.039794,0.039566,0.003138,0.003105,0.056018,0.055722,pdr
9,ACRE,43,0.055608,0.051705,0.005601,0.004864,0.074842,0.069739,pdr
10,ADC,78,0.289959,0.274766,0.208542,0.200059,0.456664,0.447279,pdr
11,ADI,45,1.226029,0.908606,2.468210,2.054676,1.571054,1.433414,pdr
12,ADM,45,0.210523,0.210526,0.082271,0.082254,0.286829,0.286799,pdr
13,ADP,44,0.910538,0.828637,2.889821,2.883729,1.699947,1.698155,pdr
14,ADX,45,0.168288,0.739650,0.208051,1.873665,0.456126,1.368819,beta_div
15,AEM,43,0.447772,0.456291,0.354436,0.368305,0.595345,0.606881,beta_div
16,AEP,45,0.488449,0.264266,0.329162,0.161936,0.573726,0.402413,pdr
17,AES,45,0.097599,0.091215,0.020501,0.019173,0.143180,0.138467,pdr
18,AFG,67,0.526143,0.586472,0.514311,0.869362,0.717155,0.932396,beta_div
19,AGCO,49,0.614562,0.677185,0.635882,0.806752,0.797422,0.898194,beta_div
20,AGM,44,0.626865,0.632078,1.297671,1.304360,1.139153,1.142086,beta_div
21,AGNC,129,0.055312,0.054463,0.006869,0.006813,0.082881,0.082538,pdr
22,AGO,41,0.273236,0.271608,0.125795,0.125775,0.354676,0.354647,pdr
23,AHH,43,0.181271,0.065579,0.036708,0.010111,0.191594,0.100556,pdr
24,AIG,44,0.380150,0.379165,0.360973,0.360995,0.600810,0.600829,beta_div
25,AIN,44,0.880348,0.385497,0.958450,0.363540,0.979005,0.602943,pdr
26,AIT,45,1.470384,0.843667,3.591950,1.892308,1.895244,1.375612,pdr
27,AIZ,45,0.815822,0.522578,1.178529,0.887133,1.085601,0.941877,pdr
28,AJG,44,0.715876,0.436324,0.702922,0.412552,0.838404,0.642302,pdr
29,AKR,41,0.081446,0.081554,0.012288,0.012287,0.110851,0.110847,pdr
30,AL,44,0.257944,0.253141,0.132987,0.131476,0.364674,0.362596,pdr
31,ALB,44,2.993539,1.382536,11.254004,4.377211,3.354699,2.092178,pdr
32,ALCO,44,0.161679,0.159746,0.048743,0.049574,0.220778,0.222653,beta_div
33,ALE,45,1.038093,0.267127,1.207418,0.153665,1.098826,0.392001,pdr
34,ALG,45,0.722116,0.712780,1.089246,1.072611,1.043670,1.035669,pdr
35,ALL,44,0.386143,0.379849,0.417382,0.416051,0.646051,0.645020,pdr
36,ALLE,42,0.839929,0.878787,3.959962,3.948067,1.989965,1.986974,pdr
37,ALSN,45,0.514789,0.266975,0.377778,0.145356,0.614637,0.381256,pdr
38,ALX,45,6.479744,2.132041,49.243672,8.074351,7.017384,2.841540,pdr
39,AMAT,45,0.593597,0.593462,0.869998,0.855715,0.932737,0.925049,pdr
40,AME,44,0.719370,0.743155,1.753869,1.743904,1.324337,1.320570,pdr
41,AMGN,45,0.854791,0.859666,1.332459,1.325795,1.154322,1.151432,pdr
42,AMH,44,0.159909,0.156251,0.113635,0.114732,0.337098,0.338722,beta_div
43,AMP,45,1.376590,1.333436,4.209221,4.038780,2.051639,2.009672,pdr
44,AMSF,47,0.406873,0.419976,0.615085,0.679888,0.784274,0.824553,beta_div
45,AMT,44,1.144725,0.758167,1.831488,1.538305,1.353325,1.240284,pdr
46,ANDE,44,0.696029,0.176078,0.542918,0.066531,0.736830,0.257935,pdr
47,AOD,135,0.024132,0.023936,0.001191,0.001189,0.034516,0.034487,pdr
48,AON,45,1.229788,1.069078,2.796846,2.549727,1.672377,1.596786,pdr
49,AOS,45,0.734012,0.685870,1.155662,1.117120,1.075017,1.056939,pdr
50,APA,45,0.337596,0.357838,0.210413,0.206816,0.458708,0.454770,pdr
51,APAM,45,0.172158,0.172544,0.053621,0.052574,0.231563,0.229290,pdr
52,APD,44,0.862011,0.859535,1.419271,1.418781,1.191332,1.191126,pdr
53,APH,44,0.227844,0.219366,0.190715,0.179701,0.436709,0.423912,pdr
54,APO,45,0.333572,0.331534,0.234918,0.233337,0.484684,0.483050,pdr
55,APOG,45,0.200729,0.203120,0.076383,0.076089,0.276375,0.275843,pdr
56,ARCB,45,0.553533,0.544697,0.736508,0.715391,0.858200,0.845808,pdr
57,ARCC,44,0.264719,0.119914,0.084572,0.044309,0.290812,0.210497,pdr
58,ARDC,135,0.128250,0.044292,0.020405,0.004032,0.142846,0.063496,pdr
59,ARE,44,0.649450,0.515397,0.634175,0.476678,0.796351,0.690419,pdr
60,ARI,44,0.089165,0.052990,0.012470,0.006164,0.111671,0.078510,pdr
61,ARLP,41,0.191590,0.159034,0.090853,0.083344,0.301419,0.288693,pdr
62,ARMK,45,0.216414,0.151245,0.066987,0.049716,0.258819,0.222972,pdr
63,AROC,45,0.140485,0.138032,0.052300,0.048099,0.228691,0.219315,pdr
64,AROW,45,0.243383,0.154208,0.079281,0.043054,0.281569,0.207495,pdr
65,ARR,132,0.363646,0.371905,0.432315,0.430829,0.657507,0.656376,pdr
66,ARTNA,45,0.199737,0.183491,0.087835,0.071243,0.296369,0.266913,pdr
67,ASB,45,0.151160,0.132547,0.040753,0.037734,0.201874,0.194253,pdr
68,ASG,45,0.032561,0.032218,0.002197,0.002163,0.046871,0.046504,pdr
69,ASH,45,0.416098,0.384250,0.583539,0.570207,0.763897,0.755121,pdr
70,ASTE,45,1.118359,0.348706,1.430191,0.249983,1.195906,0.499983,pdr
71,ATLO,45,0.318149,0.137135,0.125622,0.030360,0.354432,0.174243,pdr
72,ATNI,44,0.391126,0.251684,0.261137,0.148250,0.511015,0.385033,pdr
73,ATO,45,0.281841,0.282090,0.170602,0.170406,0.413041,0.412802,pdr
74,ATR,45,0.365923,0.367430,0.243419,0.242630,0.493375,0.492574,pdr
75,AUB,45,0.158696,0.158804,0.047297,0.047292,0.217479,0.217468,pdr
76,AVA,45,0.144672,0.137095,0.038516,0.035354,0.196254,0.188028,pdr
77,AVB,44,0.886314,0.758199,1.137844,0.804981,1.066698,0.897207,pdr
78,AVGO,44,0.880390,0.505995,1.842766,1.829945,1.357485,1.352755,pdr
79,AVK,135,0.060549,0.060600,0.012953,0.012953,0.113810,0.113811,beta_div
80,AWF,136,0.024983,0.024966,0.001490,0.001490,0.038598,0.038602,beta_div
81,AWK,45,0.641795,0.675609,3.003874,2.992538,1.733169,1.729895,pdr
82,AWP,135,0.021335,0.021013,0.000812,0.000805,0.028489,0.028371,pdr
83,AWR,45,0.550306,0.327422,0.460325,0.251039,0.678473,0.501038,pdr
84,AXP,45,1.066200,1.060745,2.572314,2.573324,1.603844,1.604158,beta_div
85,AXS,42,0.164835,0.164425,0.049974,0.049922,0.223549,0.223432,pdr
86,AYI,45,15.920294,1.147699,255.934555,3.407822,15.997955,1.846029,pdr
87,AZZ,45,0.372641,0.325589,0.235680,0.216514,0.485468,0.465311,pdr
88,BAC,44,0.222297,0.227696,0.100905,0.105507,0.317656,0.324818,beta_div
89,BAH,45,0.259559,0.271252,0.161163,0.167459,0.401451,0.409218,beta_div
90,BALL,45,0.292841,0.248402,0.169469,0.162854,0.411667,0.403551,pdr
91,BANC,44,0.267542,0.160568,0.114257,0.054015,0.338019,0.232412,pdr
92,BANF,44,0.248719,0.236518,0.100215,0.097578,0.316567,0.312375,pdr
93,BANR,44,0.225992,0.226795,0.102704,0.103854,0.320474,0.322263,beta_div
94,BAX,45,0.318550,0.298654,0.433695,0.429884,0.658555,0.655656,pdr
95,BBD,158,0.078226,0.078373,0.010740,0.010789,0.103635,0.103870,beta_div
96,BBDC,47,0.078434,0.066030,0.011310,0.010609,0.106350,0.103000,pdr
97,BBN,133,0.102980,0.061943,0.014342,0.007866,0.119759,0.088692,pdr
98,BBSI,44,0.188203,0.092014,0.050664,0.027956,0.225086,0.167199,pdr
99,BBWI,41,0.973979,1.399801,3.314464,4.322078,1.820567,2.078961,beta_div
100,BBY,44,0.611881,0.566092,0.995533,0.977379,0.997764,0.988625,pdr
101,BC,45,0.605035,0.605560,0.811033,0.808118,0.900574,0.898954,pdr
102,BCE,41,0.228113,0.234640,0.136229,0.135469,0.369092,0.368061,pdr
103,BCO,45,0.500550,0.489014,0.519623,0.504434,0.720849,0.710235,pdr
104,BCV,44,0.183206,0.185641,0.059356,0.072639,0.243631,0.269517,beta_div
105,BCX,128,0.057511,0.051645,0.005350,0.004589,0.073147,0.067745,pdr
106,BDC,44,0.546033,0.546033,0.873179,0.873179,0.934440,0.934440,pdr
107,BDJ,128,0.036997,0.034801,0.002718,0.002658,0.052136,0.051553,pdr
108,BDN,45,0.098344,0.067427,0.016694,0.011678,0.129205,0.108064,pdr
109,BDX,44,1.351782,0.992232,5.856061,4.302173,2.419930,2.074168,pdr
110,BELFB,45,0.272089,0.272089,0.204115,0.204115,0.451791,0.451791,pdr
111,BEN,44,0.186063,0.193304,0.051370,0.057176,0.226650,0.239115,beta_div
112,BEP,43,0.241263,0.118721,0.074598,0.022779,0.273127,0.150926,pdr
113,BFIN,45,0.090936,0.078816,0.013943,0.012583,0.118080,0.112174,pdr
114,BFK,134,0.037309,0.036737,0.002803,0.002669,0.052945,0.051662,pdr
115,BFS,45,0.354922,0.271863,0.238353,0.140474,0.488214,0.374799,pdr
116,BFZ,134,0.035299,0.035482,0.002515,0.002403,0.050150,0.049019,pdr
117,BG,45,1.019128,0.518821,1.837558,0.956647,1.355566,0.978083,pdr
118,BGB,133,0.035153,0.033386,0.002400,0.002065,0.048994,0.045446,pdr
119,BGC,45,0.051020,0.079289,0.009167,0.013591,0.095745,0.116579,beta_div
120,BGFV,43,0.181799,0.136856,0.117924,0.138052,0.343400,0.371553,beta_div
121,BGH,135,0.049221,0.044880,0.003924,0.003571,0.062640,0.059755,pdr
122,BGS,44,0.086892,0.086846,0.016299,0.016255,0.127667,0.127495,pdr
123,BGT,133,0.043319,0.037560,0.004036,0.003397,0.063527,0.058280,pdr
124,BGX,133,0.046320,0.039270,0.003749,0.003325,0.061232,0.057665,pdr
125,BGY,128,0.028153,0.026032,0.001336,0.001183,0.036546,0.034393,pdr
126,BHB,45,0.256126,0.240597,0.105748,0.097807,0.325189,0.312742,pdr
127,BHK,134,0.040017,0.039870,0.003205,0.003182,0.056617,0.056406,pdr
128,BIT,132,0.047063,0.045390,0.005570,0.005463,0.074633,0.073914,pdr
129,BK,45,0.186621,0.163310,0.053715,0.044714,0.231764,0.211457,pdr
130,BKE,43,0.256742,0.256899,0.147531,0.147241,0.384098,0.383720,pdr
131,BKH,45,0.244753,0.188522,0.103113,0.083090,0.321111,0.288254,pdr
132,BKN,134,0.043494,0.043857,0.004918,0.004698,0.070131,0.068544,pdr
133,BKT,133,0.047906,0.038715,0.003978,0.002659,0.063073,0.051567,pdr
134,BKU,45,0.197774,0.188873,0.066235,0.063019,0.257361,0.251036,pdr
135,BLK,44,3.181073,3.085864,18.858342,17.602432,4.342619,4.195525,pdr
136,BLW,133,0.039452,0.039261,0.003924,0.003783,0.062639,0.061509,pdr
137,BLX,42,0.273790,0.146744,0.116173,0.072333,0.340841,0.268948,pdr
138,BME,128,0.180272,0.191217,0.058839,0.080514,0.242567,0.283749,beta_div
139,BMI,45,0.634012,0.534840,1.024157,0.797591,1.012006,0.893080,pdr
140,BMO,41,0.370091,0.360361,0.238980,0.222243,0.488856,0.471427,pdr
141,BMRC,45,0.241281,0.200454,0.114755,0.095127,0.338755,0.308426,pdr
142,BMY,44,0.417344,0.338279,0.701227,0.683493,0.837393,0.826736,pdr
143,BN,44,0.189090,0.139628,0.065275,0.042713,0.255491,0.206671,pdr
144,BNS,45,0.455168,0.331864,0.293440,0.192957,0.541701,0.439269,pdr
145,BNY,134,0.049000,0.047585,0.004762,0.004675,0.069005,0.068372,pdr
146,BOE,129,0.047244,0.049059,0.004068,0.005040,0.063784,0.070990,beta_div
147,BOH,46,0.673276,0.419183,0.689542,0.329430,0.830387,0.573960,pdr
148,BOKF,46,0.572427,0.501001,0.680771,0.557003,0.825089,0.746326,pdr
149,BP,45,0.346599,0.311648,0.158185,0.141598,0.397725,0.376295,pdr
150,BR,44,0.554600,0.595314,1.270905,1.244417,1.127344,1.115534,pdr
151,BRC,45,0.675075,0.216284,0.528447,0.099615,0.726943,0.315619,pdr
152,BRKL,45,0.063824,0.063964,0.007033,0.007028,0.083864,0.083832,pdr
153,BRO,45,1.290141,0.318778,2.028594,0.961910,1.424287,0.980770,pdr
154,BRW,134,0.028363,0.028677,0.002355,0.002341,0.048528,0.048384,pdr
155,BSBR,43,0.092472,0.091596,0.014020,0.015723,0.118407,0.125392,beta_div
156,BSET,50,0.146898,0.157272,0.056305,0.064795,0.237288,0.254549,beta_div
157,BSRR,45,0.140268,0.140694,0.046813,0.046779,0.216363,0.216285,pdr
158,BTA,134,0.113305,0.034933,0.014615,0.002809,0.120893,0.053001,pdr
159,BTO,44,0.235461,0.196823,0.087174,0.068838,0.295252,0.262369,pdr
160,BTT,134,0.060742,0.045906,0.005589,0.003805,0.074759,0.061689,pdr
161,BTZ,133,0.068680,0.034535,0.006262,0.002691,0.079133,0.051879,pdr
162,BUI,128,0.104607,0.103455,0.021678,0.021557,0.147235,0.146823,pdr
163,BUSE,45,0.206831,0.110240,0.055286,0.018356,0.235129,0.135485,pdr
164,BWA,45,0.486787,0.249966,0.285159,0.106810,0.534003,0.326817,pdr
165,BWG,135,0.043816,0.038675,0.003571,0.003069,0.059756,0.055396,pdr
166,BWXT,43,0.223669,0.210591,0.127800,0.119539,0.357491,0.345744,pdr
167,BX,45,0.497420,0.493560,0.691670,0.692055,0.831667,0.831899,beta_div
168,BXMT,44,0.196299,0.088248,0.050117,0.014816,0.223867,0.121721,pdr
169,BXMX,44,0.143140,0.052685,0.024585,0.007527,0.156795,0.086760,pdr
170,BXP,44,0.394019,0.395124,0.254003,0.253607,0.503988,0.503594,pdr
171,CAC,45,0.219032,0.216718,0.077731,0.077375,0.278803,0.278163,pdr
172,CADE,46,0.298056,0.289899,0.240699,0.245555,0.490611,0.495535,beta_div
173,CAG,45,0.121737,0.113646,0.031667,0.026294,0.177952,0.162153,pdr
174,CAH,44,0.261263,0.256814,0.110807,0.107816,0.332876,0.328354,pdr
175,CAL,44,0.278471,0.278471,0.325006,0.325006,0.570093,0.570093,pdr
176,CAPL,45,0.577877,0.185615,0.394406,0.064187,0.628017,0.253352,pdr
177,CASH,44,0.437073,0.233941,0.306434,0.203307,0.553565,0.450896,pdr
178,CASS,45,0.282069,0.273947,0.145708,0.133123,0.381717,0.364860,pdr
179,CASY,45,1.567248,0.643709,3.339660,1.774501,1.827474,1.332104,pdr
180,CAT,45,1.255457,1.073520,3.247953,2.564285,1.802208,1.601339,pdr
181,CATY,45,0.303741,0.263750,0.140981,0.129595,0.375475,0.359993,pdr
182,CBOE,40,0.653048,0.421061,0.657888,0.329465,0.811103,0.573990,pdr
183,CBRL,42,0.418580,0.407683,0.307872,0.316387,0.554862,0.562483,beta_div
184,CBSH,43,0.452170,0.463197,0.481352,0.480289,0.693795,0.693029,pdr
185,CBT,45,0.359223,0.352418,0.273029,0.269492,0.522522,0.519126,pdr
186,CBU,46,1.356447,0.494578,2.025849,0.730213,1.423323,0.854525,pdr
187,CCBG,44,0.245613,0.255854,0.236004,0.238900,0.485802,0.488774,beta_div
188,CCEC,43,0.201493,0.197280,0.101842,0.102950,0.319127,0.320858,beta_div
189,CCNE,45,0.384830,0.150825,0.179711,0.039031,0.423924,0.197562,pdr
190,CCOI,44,0.357165,0.393921,0.834801,0.823259,0.913674,0.907336,pdr
191,CDP,44,1.222636,0.101639,1.509012,0.014910,1.228419,0.122107,pdr
192,CDW,45,0.758790,0.842858,1.449188,1.530848,1.203822,1.237274,beta_div
193,CE,45,0.874921,0.742010,1.667423,1.576407,1.291287,1.255551,pdr
194,CEV,134,0.046586,0.046418,0.005077,0.004924,0.071255,0.070172,pdr
195,CF,45,0.912247,0.469009,1.106353,0.488231,1.051833,0.698735,pdr
196,CFFN,62,0.047998,0.048032,0.004431,0.004427,0.066569,0.066538,pdr
197,CFR,45,0.864583,0.545637,1.090234,0.552230,1.044143,0.743122,pdr
198,CG,45,0.239202,0.245670,0.123153,0.123924,0.350932,0.352028,beta_div
199,CGNX,41,0.290953,0.345437,0.188562,0.293484,0.434237,0.541741,beta_div
200,CGO,133,0.083386,0.073698,0.016911,0.015223,0.130044,0.123382,pdr
201,CHCO,45,0.863129,0.419469,0.981040,0.531441,0.990475,0.729000,pdr
202,CHH,40,0.854765,0.424348,1.140171,0.448800,1.067788,0.669925,pdr
203,CHI,133,0.113015,0.050257,0.020487,0.008029,0.143132,0.089607,pdr
204,CHRW,45,0.603477,0.491156,0.627949,0.452908,0.792433,0.672984,pdr
205,CHSCO,43,0.138442,0.138442,0.045506,0.045506,0.213322,0.213322,pdr
206,CHW,133,0.052964,0.045249,0.007100,0.005861,0.084264,0.076554,pdr
207,CHY,133,0.208013,0.067866,0.056327,0.014149,0.237334,0.118948,pdr
208,CIB,43,0.188148,0.199215,0.057564,0.058359,0.239925,0.241576,beta_div
209,CIF,134,0.013609,0.013069,0.000353,0.000337,0.018790,0.018357,pdr
210,CII,128,0.087614,0.080351,0.014402,0.013935,0.120008,0.118046,pdr
211,CIK,133,0.054531,0.013743,0.003216,0.000562,0.056707,0.023715,pdr
212,CIM,46,0.187528,0.176942,0.057736,0.056514,0.240283,0.237727,pdr
213,CINF,46,1.095501,0.532146,1.705787,0.781766,1.306058,0.884175,pdr
214,CL,45,0.570468,0.245036,0.404213,0.103698,0.635777,0.322022,pdr
215,CLB,45,0.694503,0.850258,1.040880,1.416622,1.020235,1.190219,beta_div
216,CLDT,84,0.076478,0.076014,0.012193,0.012165,0.110422,0.110296,pdr
217,CLM,134,0.094861,0.087784,0.023290,0.022374,0.152609,0.149581,pdr
218,CLX,45,0.515625,0.497014,0.664393,0.650515,0.815103,0.806545,pdr
219,CM,42,0.497098,0.228856,0.352761,0.126752,0.593936,0.356022,pdr
220,CMC,45,0.231489,0.226280,0.126633,0.118710,0.355856,0.344543,pdr
221,CMCO,44,0.198681,0.200757,0.074406,0.073962,0.272775,0.271959,pdr
222,CMCSA,44,0.226028,0.204977,0.092987,0.075832,0.304937,0.275377,pdr
223,CME,55,0.895520,0.894593,3.505835,3.505858,1.872388,1.872394,beta_div
224,CMI,45,1.060851,0.989094,1.661799,1.497998,1.289108,1.223927,pdr
225,CMP,41,0.289312,0.292600,0.171948,0.172007,0.414666,0.414737,beta_div
226,CMS,45,0.204705,0.198982,0.077684,0.073837,0.278718,0.271729,pdr
227,CMU,134,0.017163,0.015993,0.000558,0.000451,0.023632,0.021241,pdr
228,CNA,45,0.175554,0.182794,0.052038,0.053254,0.228118,0.230769,beta_div
229,CNMD,44,0.587376,0.587376,0.876467,0.876467,0.936198,0.936198,pdr
230,CNO,44,0.164340,0.164543,0.068222,0.068027,0.261194,0.260821,pdr
231,CNOB,45,0.165864,0.144518,0.044074,0.037803,0.209937,0.194430,pdr
232,CNP,45,0.129674,0.091237,0.025477,0.015551,0.159617,0.124702,pdr
233,CNQ,44,0.211905,0.213860,0.089543,0.087764,0.299237,0.296250,pdr
234,CNS,45,0.340650,0.341621,0.341185,0.340545,0.584110,0.583562,pdr
235,CODI,46,0.142586,0.142751,0.034374,0.034175,0.185402,0.184865,pdr
236,COKE,45,1.308285,1.791872,4.167642,16.969132,2.041480,4.119361,beta_div
237,COLB,45,0.387698,0.381275,0.665911,0.665665,0.816034,0.815883,pdr
238,COLM,41,0.575778,0.542739,0.838450,0.827453,0.915669,0.909644,pdr
239,COP,53,0.662890,0.583788,0.863647,0.744155,0.929326,0.862644,pdr
240,COR,45,0.563276,0.541247,0.878216,0.834275,0.937132,0.913387,pdr
241,COST,49,1.212325,1.380865,3.604493,4.147134,1.898550,2.036451,beta_div
242,CP,43,0.231204,0.216339,0.103468,0.093164,0.321664,0.305227,pdr
243,CPB,45,0.352138,0.154743,0.157663,0.048036,0.397069,0.219170,pdr
244,CPF,44,0.151350,0.149361,0.038266,0.037247,0.195618,0.192996,pdr
245,CPK,44,0.796447,0.704566,3.576855,3.226948,1.891258,1.796371,pdr
246,CPT,45,0.421397,0.421770,0.371718,0.362453,0.609687,0.602041,pdr
247,CQP,45,0.390258,0.355562,0.305108,0.293990,0.552366,0.542208,pdr
248,CRF,134,0.081365,0.081444,0.016581,0.016583,0.128766,0.128777,beta_div
249,CRI,40,0.596889,0.541548,0.602113,0.548042,0.775959,0.740298,pdr
250,CRS,45,0.446732,0.424471,0.302011,0.281202,0.549556,0.530285,pdr
251,CRT,133,0.126190,0.117588,0.026947,0.026073,0.164155,0.161470,pdr
252,CSCO,45,0.223954,0.220736,0.089008,0.085773,0.298342,0.292870,pdr
253,CSGS,44,0.328087,0.247550,0.157313,0.111622,0.396627,0.334098,pdr
254,CSL,45,0.996999,0.978902,2.310136,2.302767,1.519913,1.517487,pdr
255,CSQ,133,0.076982,0.069499,0.015524,0.014719,0.124594,0.121321,pdr
256,CSR,44,0.362215,0.326071,0.214000,0.180657,0.462601,0.425038,pdr
257,CSV,45,0.208274,0.208945,0.085457,0.084929,0.292330,0.291426,pdr
258,CSX,45,0.183115,0.111663,0.048832,0.028479,0.220980,0.168758,pdr
259,CTBI,44,0.650926,0.276896,0.552790,0.237269,0.743498,0.487103,pdr
260,CTRA,45,0.224074,0.424171,0.106553,0.319239,0.326425,0.565013,beta_div
261,CTS,44,0.229959,0.229959,0.116493,0.116493,0.341310,0.341310,pdr
262,CUBE,44,0.168264,0.157570,0.049544,0.046071,0.222585,0.214642,pdr
263,CVBF,44,0.139201,0.139459,0.044275,0.043574,0.210417,0.208743,pdr
264,CVS,45,0.400931,0.332180,0.316664,0.287997,0.562729,0.536654,pdr
265,CVX,45,0.861150,0.766292,1.417536,1.243913,1.190603,1.115309,pdr
266,CWCO,43,0.816728,0.148169,0.689470,0.098185,0.830343,0.313345,pdr
267,CXE,134,0.016990,0.016003,0.000444,0.000400,0.021070,0.019990,pdr
268,CXH,134,0.038090,0.028713,0.002479,0.001669,0.049790,0.040855,pdr
269,CXT,45,0.175591,0.162135,0.057978,0.051758,0.240786,0.227503,pdr
270,CZNC,45,0.175292,0.186183,0.204412,0.185608,0.452119,0.430823,pdr
271,D,45,0.750146,0.235157,0.635716,0.104801,0.797318,0.323729,pdr
272,DAN,42,0.164720,0.134373,0.046993,0.034455,0.216779,0.185622,pdr
273,DBL,133,0.056848,0.056737,0.006381,0.006355,0.079883,0.079717,pdr
274,DCI,45,0.541754,0.297643,0.393739,0.167030,0.627486,0.408694,pdr
275,DCOM,45,1.165071,0.176847,1.411668,0.055702,1.188136,0.236013,pdr
276,DD,45,0.539523,0.533914,0.491592,0.488944,0.701136,0.699245,pdr
277,DDS,48,1.383597,3.943169,9.429848,128.385429,3.070806,11.330729,beta_div
278,DEI,44,0.102923,0.098344,0.016882,0.015812,0.129931,0.125745,pdr
279,DFP,134,0.074333,0.063750,0.008866,0.006451,0.094160,0.080319,pdr
280,DFS,45,0.469520,0.472217,0.463031,0.462723,0.680464,0.680238,pdr
281,DG,40,0.737160,0.682508,1.417746,1.164019,1.190691,1.078897,pdr
282,DGICA,45,0.265758,0.099342,0.092287,0.022304,0.303788,0.149344,pdr
283,DGX,45,0.516173,0.468940,0.553954,0.517191,0.744281,0.719160,pdr
284,DHF,133,0.018040,0.011109,0.000461,0.000231,0.021473,0.015196,pdr
285,DHI,45,0.501742,0.435600,0.560628,0.498195,0.748751,0.705829,pdr
286,DHR,45,0.747765,1.372629,1.042498,19.755185,1.021028,4.444680,beta_div
287,DHT,43,0.052900,0.071013,0.004605,0.010712,0.067861,0.103499,beta_div
288,DHY,133,0.011800,0.011900,0.000452,0.000452,0.021270,0.021264,pdr
289,DINO,45,0.522211,0.266801,0.410728,0.173859,0.640881,0.416964,pdr
290,DK,44,0.651518,0.258905,0.660191,0.449784,0.812521,0.670659,pdr
291,DKL,45,0.387041,0.363084,0.258648,0.249504,0.508575,0.499504,pdr
292,DKS,44,0.608404,0.690081,1.267452,1.504512,1.125812,1.226586,beta_div
293,DLB,42,0.288465,0.274256,0.156300,0.151792,0.395347,0.389605,pdr
294,DLR,44,0.999225,0.847768,3.127117,3.045828,1.768366,1.745230,pdr
295,DLX,45,0.343033,0.231426,0.173267,0.087628,0.416253,0.296020,pdr
296,DMB,133,0.044424,0.038746,0.003709,0.003231,0.060899,0.056845,pdr
297,DMLP,45,0.180131,0.143994,0.045353,0.038732,0.212962,0.196803,pdr
298,DMO,138,0.067650,0.068565,0.008007,0.007997,0.089482,0.089427,pdr
299,DNP,134,0.025222,0.025222,0.001295,0.001295,0.035982,0.035982,pdr
300,DOV,45,0.963995,0.456745,1.265039,0.388633,1.124740,0.623404,pdr
301,DOX,44,0.163053,0.160318,0.041977,0.040300,0.204883,0.200749,pdr
302,DPG,50,0.069611,0.078640,0.010748,0.010544,0.103674,0.102682,pdr
303,DPZ,44,1.918543,1.911844,18.702513,18.235938,4.324640,4.270356,pdr
304,DRI,43,0.769561,0.472254,0.756041,0.474740,0.869506,0.689014,pdr
305,DSL,133,0.047458,0.047270,0.004045,0.004039,0.063601,0.063553,pdr
306,DSM,134,0.025058,0.021103,0.001346,0.001195,0.036687,0.034576,pdr
307,DSU,133,0.039572,0.031822,0.002590,0.001784,0.050889,0.042235,pdr
308,DUK,45,0.514953,0.282767,0.377051,0.144985,0.614045,0.380768,pdr
309,DVN,45,0.454095,0.454164,0.366112,0.366530,0.605072,0.605417,beta_div
310,DX,94,0.062115,0.062163,0.007244,0.007244,0.085110,0.085109,pdr
311,EAD,134,0.044671,0.031155,0.003897,0.003067,0.062427,0.055380,pdr
312,EARN,73,0.053684,0.056715,0.007078,0.007159,0.084133,0.084611,beta_div
313,EBF,45,0.074366,0.074344,0.010875,0.010878,0.104285,0.104299,beta_div
314,EBTC,45,0.226042,0.180261,0.084777,0.072262,0.291166,0.268816,pdr
315,ECF,44,0.073836,0.075361,0.012044,0.013140,0.109744,0.114631,beta_div
316,ECL,44,1.544652,1.430178,9.856967,9.429645,3.139581,3.070773,pdr
317,EDD,44,0.047016,0.029653,0.003353,0.002269,0.057909,0.047633,pdr
318,EDF,134,0.065787,0.057599,0.007366,0.006414,0.085823,0.080090,pdr
319,EFC,94,0.084923,0.081081,0.011825,0.012729,0.108743,0.112825,beta_div
320,EFR,134,0.035028,0.030461,0.002207,0.001932,0.046977,0.043956,pdr
321,EFSC,44,0.512865,0.342462,0.524421,0.493261,0.724169,0.702325,pdr
322,EFT,134,0.037187,0.034771,0.002704,0.002273,0.051995,0.047673,pdr
323,EG,41,2.160650,1.852706,9.590062,8.741455,3.096782,2.956595,pdr
324,EGP,44,0.457239,0.459946,0.430357,0.427249,0.656016,0.653643,pdr
325,EHC,44,0.637580,0.267749,0.605037,0.210425,0.777841,0.458721,pdr
326,EHI,134,0.037428,0.028543,0.002301,0.001466,0.047972,0.038287,pdr
327,EIM,135,0.042837,0.026406,0.002903,0.001364,0.053883,0.036932,pdr
328,EIX,44,0.211656,0.206265,0.088967,0.081306,0.298274,0.285142,pdr
329,EL,44,1.111337,0.894132,2.442502,2.145389,1.562851,1.464715,pdr
330,ELME,44,0.340398,0.213112,0.265086,0.236473,0.514865,0.486285,pdr
331,ELS,44,0.222064,0.178428,0.087341,0.061186,0.295535,0.247358,pdr
332,ELV,44,1.512978,1.300408,5.347005,5.254269,2.312359,2.292219,pdr
333,EMD,131,0.071375,0.035549,0.007781,0.002910,0.088207,0.053947,pdr
334,EME,45,1.406635,0.720252,2.619616,1.478609,1.618523,1.215981,pdr
335,EMN,44,0.738698,0.676282,1.115764,1.065879,1.056297,1.032414,pdr
336,EMO,49,0.304635,0.291652,0.177201,0.177541,0.420952,0.421357,beta_div
337,EMR,45,2.117971,0.369110,4.722576,0.248519,2.173149,0.498517,pdr
338,ENB,41,0.340362,0.246178,0.179428,0.117578,0.423589,0.342896,pdr
339,ENS,44,1.346377,0.680068,2.901866,1.157942,1.703486,1.076077,pdr
340,ENSG,44,0.345485,0.231420,0.172428,0.123801,0.415245,0.351854,pdr
341,ENX,134,0.043942,0.042684,0.003619,0.003554,0.060159,0.059612,pdr
342,EOD,43,0.043836,0.032891,0.003324,0.002575,0.057653,0.050745,pdr
343,EOG,52,0.905199,0.916207,1.698696,1.691805,1.303340,1.300694,pdr
344,EOI,134,0.074973,0.052690,0.008543,0.005094,0.092428,0.071369,pdr
345,EOS,134,0.062548,0.060428,0.007981,0.007383,0.089335,0.085924,pdr
346,EOT,139,0.096882,0.060663,0.013417,0.006287,0.115833,0.079290,pdr
347,EPD,45,0.129002,0.130613,0.038018,0.036458,0.194981,0.190941,pdr
348,EPM,44,0.072345,0.075114,0.011875,0.011848,0.108971,0.108847,pdr
349,EPR,120,0.253712,0.254264,0.194325,0.188986,0.440823,0.434725,pdr
350,EQIX,43,2.923078,2.823180,21.053399,21.203879,4.588398,4.604767,beta_div
351,EQNR,40,0.270418,0.271480,0.123911,0.122179,0.352010,0.349541,pdr
352,ERC,133,0.042743,0.043417,0.006759,0.006650,0.082211,0.081547,pdr
353,ERH,133,0.097879,0.077555,0.020887,0.016819,0.144524,0.129689,pdr
354,ERIE,46,0.622578,0.620017,0.817282,0.712795,0.904037,0.844272,pdr
355,ES,45,0.358712,0.255326,0.187354,0.108627,0.432844,0.329587,pdr
356,ESCA,44,0.114842,0.114690,0.022125,0.022096,0.148743,0.148648,pdr
357,ESE,44,0.438223,0.438223,0.625516,0.625516,0.790896,0.790896,pdr
358,ESLT,42,1.769817,0.834128,4.033099,1.112799,2.008258,1.054893,pdr
359,ESRT,41,0.061545,0.060123,0.008497,0.008460,0.092180,0.091981,pdr
360,ESS,44,1.106633,1.031276,2.093131,2.007113,1.446766,1.416726,pdr
361,ESSA,44,0.124474,0.125581,0.033760,0.033294,0.183739,0.182466,pdr
362,ET,45,0.146718,0.111643,0.035683,0.023872,0.188898,0.154504,pdr
363,ETD,45,0.150655,0.144685,0.042563,0.043204,0.206307,0.207857,beta_div
364,ETG,134,0.071453,0.064125,0.008628,0.007855,0.092889,0.088626,pdr
365,ETJ,134,0.030671,0.029349,0.001915,0.001763,0.043755,0.041987,pdr
366,ETN,41,4.136346,1.561537,25.076759,15.527540,5.007670,3.940500,pdr
367,ETO,134,0.100224,0.096321,0.017082,0.015895,0.130699,0.126074,pdr
368,ETR,45,0.653661,0.239993,0.461640,0.118425,0.679441,0.344129,pdr
369,ETV,134,0.187528,0.050992,0.039539,0.005356,0.198845,0.073186,pdr
370,ETW,134,0.036670,0.033940,0.002423,0.002241,0.049228,0.047344,pdr
371,ETX,134,0.144962,0.075126,0.049991,0.038117,0.223586,0.195235,pdr
372,ETY,134,0.044724,0.039343,0.004780,0.003843,0.069134,0.061994,pdr
373,EVC,44,0.044724,0.040979,0.004336,0.003329,0.065845,0.057695,pdr
374,EVF,133,0.023473,0.019010,0.000928,0.000640,0.030469,0.025292,pdr
375,EVG,135,0.077839,0.034254,0.008135,0.002408,0.090196,0.049067,pdr
376,EVM,135,0.039632,0.035337,0.003422,0.002958,0.058500,0.054385,pdr
377,EVN,134,0.030633,0.030603,0.001740,0.001735,0.041713,0.041650,pdr
378,EVR,45,0.785292,0.736688,1.494463,1.418781,1.222482,1.191126,pdr
379,EVRG,44,0.293788,0.191669,0.164478,0.132433,0.405559,0.363913,pdr
380,EVT,134,0.100370,0.078325,0.017358,0.011441,0.131751,0.106961,pdr
381,EVTC,41,0.263804,0.245455,0.173937,0.171540,0.417058,0.414173,pdr
382,EVV,134,0.041044,0.035625,0.003190,0.002449,0.056483,0.049490,pdr
383,EWBC,45,0.541954,0.414510,0.467971,0.420599,0.684084,0.648536,pdr
384,EXC,45,0.265141,0.124656,0.093183,0.034926,0.305258,0.186886,pdr
385,EXG,134,0.044800,0.031080,0.003050,0.001964,0.055226,0.044322,pdr
386,EXPO,44,0.385970,0.352551,0.498344,0.497936,0.705935,0.705646,pdr
387,EXR,45,0.737223,0.764746,1.477348,1.470481,1.215462,1.212634,pdr
388,FAF,44,0.264630,0.263788,0.179237,0.179212,0.423364,0.423335,pdr
389,FAST,47,0.194117,0.195675,0.074136,0.073826,0.272280,0.271710,pdr
390,FAX,134,0.167242,0.260447,0.054796,0.115421,0.234085,0.339737,beta_div
391,FBIN,45,0.340195,0.341079,0.252127,0.248307,0.502123,0.498304,pdr
392,FBIZ,45,0.207077,0.200911,0.086725,0.082287,0.294490,0.286857,pdr
393,FBNC,44,0.136661,0.137053,0.034211,0.033815,0.184963,0.183887,pdr
394,FCBC,46,0.152454,0.149020,0.038184,0.040000,0.195407,0.200001,beta_div
395,FCF,45,0.092000,0.086490,0.017691,0.017108,0.133007,0.130799,pdr
396,FCNCA,45,4.087182,4.208358,36.005253,35.720749,6.000438,5.976684,pdr
397,FCO,134,0.043035,0.043035,0.003321,0.003321,0.057627,0.057627,pdr
398,FCT,135,0.038379,0.034595,0.005127,0.005005,0.071606,0.070746,pdr
399,FDP,42,0.201389,0.196874,0.083284,0.079177,0.288589,0.281384,pdr
400,FDS,45,1.255675,1.036644,2.746715,2.246206,1.657322,1.498735,pdr
401,FDUS,47,0.156561,0.135416,0.059434,0.046939,0.243791,0.216653,pdr
402,FDX,44,1.381555,1.332730,6.226219,6.090899,2.495239,2.467975,pdr
403,FE,45,0.624483,0.127583,0.420413,0.031609,0.648392,0.177790,pdr
404,FELE,45,0.296814,0.248208,0.130519,0.097973,0.361275,0.313007,pdr
405,FFA,44,0.091353,0.058185,0.012472,0.005672,0.111678,0.075315,pdr
406,FFBC,45,0.341104,0.143809,0.145995,0.041657,0.382093,0.204100,pdr
407,FFC,134,0.064748,0.059021,0.007690,0.007315,0.087691,0.085528,pdr
408,FFIC,44,0.181836,0.143535,0.060894,0.050921,0.246768,0.225657,pdr
409,FFIN,45,0.203153,0.192091,0.122241,0.118989,0.349629,0.344949,pdr
410,FFNW,42,0.109645,0.097542,0.022366,0.020399,0.149554,0.142825,pdr
411,FGB,45,0.071243,0.043418,0.006883,0.003687,0.082964,0.060721,pdr
412,FHI,45,0.184251,0.183809,0.050670,0.050632,0.225099,0.225017,pdr
413,FHN,44,0.171799,0.125920,0.059223,0.050893,0.243358,0.225595,pdr
414,FIBK,46,0.276203,0.254531,0.138780,0.126994,0.372531,0.356362,pdr
415,FISI,44,0.314494,0.208745,0.140904,0.094126,0.375371,0.306799,pdr
416,FITB,44,0.126322,0.126239,0.030602,0.030489,0.174935,0.174611,pdr
417,FITBI,44,0.235311,0.108847,0.075325,0.020700,0.274453,0.143875,pdr
418,FIX,44,0.559071,0.438295,0.571660,0.474719,0.756082,0.688999,pdr
419,FLC,134,0.089728,0.068662,0.014493,0.009294,0.120387,0.096404,pdr
420,FLG,44,0.195571,0.414260,0.098159,0.233708,0.313303,0.483433,beta_div
421,FLIC,44,0.131987,0.128393,0.037470,0.037257,0.193572,0.193021,pdr
422,FLO,45,0.094333,0.063937,0.014804,0.007282,0.121671,0.085332,pdr
423,FLS,44,0.286179,0.221535,0.130494,0.083003,0.361240,0.288102,pdr
424,FLXS,44,0.150862,0.153670,0.043913,0.043422,0.209553,0.208379,pdr
425,FMC,44,0.312386,0.309602,0.170001,0.171512,0.412312,0.414140,beta_div
426,FMN,134,0.040420,0.037215,0.002732,0.002559,0.052264,0.050589,pdr
427,FNB,45,0.056563,0.056563,0.004869,0.004869,0.069781,0.069781,pdr
428,FNF,44,0.256000,0.269025,0.303692,0.300927,0.551082,0.548568,pdr
429,FNLC,45,0.137331,0.128431,0.036292,0.033896,0.190506,0.184108,pdr
430,FNV,45,0.732174,0.575180,0.879142,0.669633,0.937626,0.818311,pdr
431,FOF,112,0.049606,0.049985,0.004897,0.004848,0.069980,0.069624,pdr
432,FPF,134,0.057450,0.052057,0.006199,0.004963,0.078732,0.070447,pdr
433,FR,44,0.153965,0.142799,0.043365,0.041315,0.208244,0.203261,pdr
434,FRME,44,0.192251,0.180935,0.076371,0.076045,0.276354,0.275762,pdr
435,FRT,44,0.997374,0.503173,1.349057,0.714458,1.161489,0.845256,pdr
436,FSS,43,0.164027,0.159043,0.044224,0.043173,0.210294,0.207782,pdr
437,FT,135,0.033070,0.024951,0.001811,0.001378,0.042560,0.037116,pdr
438,FTF,135,0.034083,0.033693,0.002364,0.002197,0.048625,0.046871,pdr
439,FUL,45,0.346818,0.284650,0.179427,0.151625,0.423588,0.389391,pdr
440,FULT,53,0.099321,0.094035,0.015153,0.014147,0.123099,0.118939,pdr
441,FUND,44,0.051585,0.045080,0.004675,0.003427,0.068372,0.058545,pdr
442,FWRD,40,0.328525,0.306932,0.198630,0.179705,0.445679,0.423916,pdr
443,GAB,44,0.108492,0.046369,0.013591,0.006304,0.116579,0.079398,pdr
444,GABC,45,0.170358,0.172354,0.122172,0.121785,0.349531,0.348977,pdr
445,GAIN,154,0.051305,0.050462,0.004766,0.004940,0.069034,0.070286,beta_div
446,GAP,41,0.220634,0.173426,0.084795,0.061403,0.291196,0.247797,pdr
447,GATX,45,0.955197,0.557933,1.268293,0.712147,1.126185,0.843888,pdr
448,GBAB,134,0.308507,0.073373,0.109163,0.014137,0.330398,0.118900,pdr
449,GBCI,52,0.376261,0.302738,0.255319,0.164677,0.505291,0.405804,pdr
450,GBDC,52,0.063077,0.062606,0.006704,0.006662,0.081875,0.081623,pdr
451,GBX,43,0.460888,0.395093,0.519139,0.488744,0.720513,0.699102,pdr
452,GCV,45,0.068426,0.064553,0.019238,0.017763,0.138702,0.133279,pdr
453,GD,45,0.696519,0.630053,0.707063,0.597221,0.840870,0.772801,pdr
454,GDO,134,0.047849,0.046459,0.003892,0.003701,0.062382,0.060837,pdr
455,GE,44,0.529989,0.611438,0.640786,0.785154,0.800491,0.886089,beta_div
456,GEF,44,0.264955,0.279183,0.161049,0.141932,0.401309,0.376738,pdr
457,GEL,45,0.140944,0.144846,0.038561,0.038551,0.196370,0.196343,pdr
458,GES,42,0.145366,0.170271,0.046915,0.059328,0.216599,0.243574,beta_div
459,GFF,48,0.205163,0.205773,0.096379,0.096519,0.310449,0.310676,beta_div
460,GGG,45,0.253158,0.251656,0.141286,0.141104,0.375880,0.375639,pdr
461,GGT,44,0.066511,0.055465,0.007197,0.006237,0.084832,0.078973,pdr
462,GHC,45,3.406302,3.341206,24.185935,22.724727,4.917920,4.767046,pdr
463,GHY,133,0.047795,0.045977,0.011923,0.011106,0.109193,0.105386,pdr
464,GIS,45,0.160117,0.154018,0.042591,0.042035,0.206377,0.205024,pdr
465,GL,44,0.481772,0.464693,0.401582,0.379902,0.633705,0.616362,pdr
466,GLAD,136,0.276607,0.095265,0.092531,0.029658,0.304189,0.172216,pdr
467,GLP,45,0.495357,0.498732,0.781474,0.781099,0.884010,0.883798,pdr
468,GLPI,46,0.180660,0.197877,0.076090,0.087950,0.275843,0.296564,beta_div
469,GLQ,135,0.064010,0.064151,0.007418,0.007205,0.086125,0.084883,pdr
470,GLV,135,0.068458,0.052779,0.008083,0.004906,0.089908,0.070045,pdr
471,GNT,134,0.044553,0.044858,0.010775,0.010771,0.103802,0.103781,pdr
472,GNTX,45,0.180473,0.148753,0.055043,0.037612,0.234612,0.193938,pdr
473,GOF,134,0.077906,0.077906,0.021852,0.021852,0.147824,0.147824,pdr
474,GOLD,43,0.170869,0.182424,0.053015,0.053872,0.230250,0.232104,beta_div
475,GOOD,134,0.281069,0.074739,0.087577,0.014448,0.295934,0.120199,pdr
476,GORO,95,0.051873,0.051385,0.006242,0.006250,0.079006,0.079055,beta_div
477,GPC,44,0.611815,0.498419,0.711357,0.507831,0.843420,0.712623,pdr
478,GPI,43,1.160770,1.108759,3.235346,2.954757,1.798707,1.718941,pdr
479,GPK,41,0.242193,0.104634,0.080802,0.028761,0.284257,0.169590,pdr
480,GPN,44,1.027071,1.164318,4.505980,6.070764,2.122729,2.463892,beta_div
481,GRC,45,0.233503,0.243694,0.091719,0.097690,0.302851,0.312553,beta_div
482,GRMN,44,1.573647,0.684728,3.800361,2.326697,1.949452,1.525351,pdr
483,GROW,136,0.057703,0.052516,0.011482,0.010868,0.107156,0.104252,pdr
484,GRX,45,0.070513,0.056309,0.010484,0.009503,0.102392,0.097484,pdr
485,GSBC,46,0.253233,0.244063,0.126449,0.126082,0.355597,0.355081,pdr
486,GSK,45,0.292688,0.276130,0.161112,0.144246,0.401387,0.379797,pdr
487,GUT,134,0.068073,0.036498,0.009260,0.006127,0.096227,0.078275,pdr
488,GVA,44,0.181240,0.181240,0.056814,0.056814,0.238357,0.238357,pdr
489,GWW,45,3.145716,2.160585,17.242489,13.426097,4.152408,3.664164,pdr
490,HAFC,45,0.182342,0.157756,0.061551,0.054574,0.248094,0.233611,pdr
491,HAL,45,0.310407,0.286269,0.147465,0.132090,0.384012,0.363441,pdr
492,HAS,45,0.902482,0.385523,1.045146,0.384175,1.022324,0.619819,pdr
493,HASI,44,0.213050,0.165346,0.085819,0.064796,0.292949,0.254551,pdr
494,HBAN,44,0.087300,0.086366,0.017250,0.016296,0.131339,0.127655,pdr
495,HBNC,44,0.107666,0.106524,0.028623,0.028277,0.169182,0.168157,pdr
496,HCI,45,0.365586,0.361132,0.284712,0.280567,0.533584,0.529686,pdr
497,HD,44,1.252734,1.045582,3.496460,2.875866,1.869882,1.695838,pdr
498,HEES,43,5.509841,0.638563,30.513083,3.181763,5.523865,1.783750,pdr
499,HEQ,44,0.096884,0.071213,0.014293,0.009098,0.119554,0.095381,pdr
500,HES,44,0.902118,0.818268,1.516661,1.266849,1.231528,1.125544,pdr
501,HFWA,46,0.202241,0.140383,0.072840,0.057811,0.269889,0.240439,pdr
502,HI,44,0.349549,0.311408,0.268521,0.225858,0.518190,0.475245,pdr
503,HIG,45,0.276053,0.276055,0.168100,0.168344,0.410000,0.410298,beta_div
504,HII,45,0.972882,0.865649,2.137364,1.886100,1.461973,1.373354,pdr
505,HIO,134,0.028431,0.011464,0.000972,0.000237,0.031180,0.015393,pdr
506,HIW,46,0.301017,0.181851,0.157491,0.077479,0.396851,0.278350,pdr
507,HIX,134,0.025155,0.015692,0.000989,0.000476,0.031447,0.021826,pdr
508,HLIO,49,0.288063,0.289550,0.165650,0.166033,0.407001,0.407471,beta_div
509,HMN,44,0.823686,0.291286,0.875987,0.460954,0.935942,0.678936,pdr
510,HNI,45,0.234400,0.203673,0.078575,0.060661,0.280313,0.246294,pdr
511,HNW,138,0.059754,0.047980,0.005812,0.004189,0.076234,0.064720,pdr
512,HOFT,44,0.208519,0.211605,0.099207,0.098735,0.314971,0.314221,pdr
513,HOG,45,0.259567,0.282862,0.097995,0.114063,0.313042,0.337733,beta_div
514,HOMB,45,0.227400,0.222641,0.139277,0.131577,0.373198,0.362735,pdr
515,HON,45,0.653872,0.645952,0.977953,0.978080,0.988915,0.988979,beta_div
516,HOPE,45,0.070022,0.070597,0.008591,0.008543,0.092687,0.092429,pdr
517,HP,45,0.437299,0.438007,0.380806,0.357745,0.617095,0.598118,pdr
518,HPI,133,0.085040,0.062218,0.012359,0.008286,0.111170,0.091028,pdr
519,HPP,40,0.129789,0.117256,0.030813,0.027722,0.175537,0.166500,pdr
520,HPQ,44,0.246757,0.204849,0.104293,0.086945,0.322944,0.294864,pdr
521,HPS,133,0.069533,0.058701,0.009740,0.007815,0.098689,0.088404,pdr
522,HQH,47,0.129769,0.102638,0.032089,0.024348,0.179134,0.156039,pdr
523,HR,46,0.183584,0.149260,0.099358,0.074946,0.315211,0.273762,pdr
524,HRB,45,0.168217,0.168323,0.107902,0.107863,0.328484,0.328426,pdr
525,HRL,45,0.096429,0.099543,0.018417,0.018281,0.135709,0.135207,pdr
526,HRZN,134,0.119177,0.069718,0.020732,0.009619,0.143985,0.098078,pdr
527,HSII,44,0.414547,0.144940,0.199770,0.038083,0.446956,0.195148,pdr
528,HSY,45,0.510324,0.461124,0.520916,0.393459,0.721745,0.627263,pdr
529,HTBK,45,0.052308,0.052441,0.004658,0.004632,0.068252,0.068059,pdr
530,HTD,133,0.087657,0.088144,0.014926,0.014887,0.122170,0.122012,pdr
531,HTGC,45,0.125468,0.083125,0.025690,0.015070,0.160281,0.122761,pdr
532,HTLD,44,0.082194,0.091225,0.016787,0.020244,0.129566,0.142283,beta_div
533,HUM,44,1.302769,0.956084,3.050002,2.677502,1.746425,1.636308,pdr
534,HUN,44,0.233600,0.222556,0.120222,0.117477,0.346731,0.342749,pdr
535,HURC,41,0.201089,0.198708,0.094869,0.094334,0.308009,0.307138,pdr
536,HWC,45,0.285811,0.265376,0.135879,0.130597,0.368617,0.361382,pdr
537,HYI,134,0.099652,0.032850,0.011685,0.001920,0.108097,0.043816,pdr
538,HYT,133,0.039813,0.033803,0.003245,0.002546,0.056965,0.050456,pdr
539,IAE,52,0.037524,0.036722,0.002758,0.002774,0.052521,0.052668,beta_div
540,IAF,45,0.052784,0.041043,0.003986,0.002550,0.063131,0.050495,pdr
541,IBCP,44,0.219403,0.163857,0.084585,0.071850,0.290836,0.268049,pdr
542,IBM,45,0.934179,0.667974,1.707409,1.072199,1.306679,1.035470,pdr
543,ICE,44,0.454994,0.494722,1.560837,1.544673,1.249334,1.242849,pdr
544,IDA,45,0.651445,0.386205,0.606306,0.293074,0.778656,0.541363,pdr
545,IDCC,45,0.373685,0.375788,0.328244,0.322539,0.572926,0.567925,pdr
546,IEP,44,0.502375,0.494593,0.586586,0.580100,0.765889,0.761643,pdr
547,IEX,45,0.747881,0.725296,1.150947,1.127054,1.072822,1.061628,pdr
548,IFF,44,0.678946,0.552698,0.703493,0.459633,0.838745,0.677963,pdr
549,IGA,52,0.046916,0.045231,0.003865,0.003712,0.062167,0.060924,pdr
550,IGD,134,0.023768,0.023481,0.001046,0.001025,0.032344,0.032017,pdr
551,IGI,134,0.074325,0.074350,0.012059,0.012053,0.109813,0.109784,pdr
552,IGR,134,0.030108,0.025692,0.001498,0.001270,0.038706,0.035636,pdr
553,IHD,52,0.050485,0.048235,0.005115,0.004993,0.071519,0.070660,pdr
554,IIIN,44,0.286149,0.562016,0.188951,0.939825,0.434684,0.969446,beta_div
555,IIM,134,0.034947,0.034941,0.002109,0.002103,0.045925,0.045855,pdr
556,IMKTA,45,0.229798,0.229798,0.083284,0.083284,0.288589,0.288589,pdr
557,IMO,41,0.240143,0.224836,0.086374,0.069603,0.293894,0.263824,pdr
558,INBK,44,0.230155,0.230155,0.133918,0.133918,0.365948,0.365948,pdr
559,INDB,45,0.501925,0.373198,0.491616,0.432322,0.701154,0.657512,pdr
560,INGR,44,0.308925,0.308399,0.168671,0.167208,0.410696,0.408911,pdr
561,INTC,43,0.265875,0.261706,0.124984,0.124754,0.353531,0.353206,pdr
562,INTU,45,2.666632,1.952017,12.067622,9.954075,3.473848,3.155008,pdr
563,IP,45,0.358255,0.255948,0.182343,0.109986,0.427016,0.331641,pdr
564,IPAR,41,0.491282,0.448928,0.492898,0.491537,0.702067,0.701097,pdr
565,IPG,45,0.189050,0.139432,0.055293,0.043800,0.235145,0.209285,pdr
566,IQI,134,0.028843,0.026727,0.001774,0.001640,0.042117,0.040493,pdr
567,IRM,46,0.412876,0.235527,0.232083,0.139220,0.481750,0.373122,pdr
568,IRT,78,0.080911,0.078682,0.029183,0.029220,0.170829,0.170940,beta_div
569,ISD,133,0.057289,0.043574,0.009249,0.006724,0.096173,0.082000,pdr
570,ITT,45,0.660966,0.581916,0.904544,0.810771,0.951075,0.900428,pdr
571,ITUB,173,0.067907,0.090994,0.007627,0.020934,0.087331,0.144684,beta_div
572,ITW,44,0.681076,0.581582,0.810538,0.697732,0.900299,0.835304,pdr
573,IVR,44,0.315609,0.341441,0.277740,0.282535,0.527010,0.531541,beta_div
574,IVZ,45,0.186501,0.150004,0.051991,0.036137,0.228016,0.190098,pdr
575,JACK,42,2.385076,0.768004,8.531418,3.105080,2.920859,1.762124,pdr
576,JBHT,45,0.705735,0.568158,0.843782,0.670634,0.918576,0.818923,pdr
577,JBL,45,0.379259,0.379259,0.347354,0.347354,0.589368,0.589368,pdr
578,JBTM,44,0.795925,0.682898,1.178753,1.019290,1.085704,1.009599,pdr
579,JCE,49,0.108708,0.108135,0.035082,0.034756,0.187303,0.186430,pdr
580,JCI,46,0.255041,0.255107,0.154874,0.154871,0.393540,0.393536,pdr
581,JEF,45,0.162460,0.147692,0.055548,0.054786,0.235687,0.234065,pdr
582,JFR,134,0.026485,0.027350,0.002468,0.002381,0.049678,0.048800,pdr
583,JHI,44,0.132400,0.086007,0.025352,0.016315,0.159222,0.127731,pdr
584,JJSF,44,0.804306,0.793660,2.416263,2.379964,1.554433,1.542713,pdr
585,JKHY,45,0.470998,0.427572,0.512921,0.484266,0.716185,0.695892,pdr
586,JLS,138,0.065101,0.062600,0.007902,0.008155,0.088896,0.090306,beta_div
587,JNJ,45,0.625402,0.476099,0.620672,0.471464,0.787828,0.686633,pdr
588,JNPR,43,0.396033,0.223085,0.318248,0.183391,0.564135,0.428241,pdr
589,JOUT,45,0.362050,0.365197,0.292424,0.290104,0.540763,0.538613,pdr
590,JPI,136,0.103922,0.101901,0.105111,0.100661,0.324209,0.317271,pdr
591,JPM,45,1.011743,0.851046,1.905997,1.666312,1.380579,1.290857,pdr
592,JQC,134,0.020775,0.020669,0.001337,0.001331,0.036571,0.036486,pdr
593,JRS,44,0.075566,0.065923,0.018690,0.017889,0.136712,0.133750,pdr
594,K,45,0.159471,0.159084,0.048464,0.048459,0.220146,0.220134,pdr
595,KAI,45,3.031713,1.313359,15.928029,11.103745,3.990994,3.332228,pdr
596,KALU,46,1.794533,1.237575,7.174945,6.606700,2.678609,2.570350,pdr
597,KBH,45,0.206109,0.207265,0.119835,0.120055,0.346172,0.346490,beta_div
598,KBR,44,0.271144,0.248830,0.151431,0.145467,0.389142,0.381401,pdr
599,KDP,44,0.156085,0.360420,0.039388,2.009283,0.198465,1.417492,beta_div
600,KELYA,40,0.159262,0.147262,0.055578,0.050540,0.235750,0.224812,pdr
601,KEY,45,0.127726,0.121354,0.038831,0.038209,0.197056,0.195470,pdr
602,KFRC,44,0.230439,0.229239,0.112899,0.110068,0.336005,0.331765,pdr
603,KFY,40,0.309310,0.308909,0.225239,0.224590,0.474593,0.473909,pdr
604,KIM,43,0.151885,0.106724,0.039470,0.029046,0.198671,0.170429,pdr
605,KIO,134,0.065448,0.058007,0.008547,0.007537,0.092448,0.086814,pdr
606,KKR,45,0.321826,0.319024,0.314426,0.295881,0.560737,0.543949,pdr
607,KLAC,46,2.471685,2.634905,19.551418,21.572267,4.421698,4.644596,beta_div
608,KMB,44,0.461996,0.438954,0.474872,0.377560,0.689110,0.614459,pdr
609,KMI,45,0.125259,0.112837,0.044165,0.039478,0.210154,0.198690,pdr
610,KMPR,45,0.232517,0.228108,0.107839,0.106965,0.328389,0.327055,pdr
611,KMT,45,1.523084,0.319793,2.600658,0.283638,1.612656,0.532577,pdr
612,KNOP,45,0.156279,0.258821,0.049235,0.106655,0.221889,0.326581,beta_div
613,KNX,44,0.270170,0.269846,0.140121,0.116789,0.374328,0.341744,pdr
614,KO,44,0.510364,0.233772,0.363745,0.220323,0.603112,0.469386,pdr
615,KRC,44,0.257160,0.227439,0.103940,0.081778,0.322397,0.285969,pdr
616,KRG,46,0.202272,0.118840,0.056598,0.027604,0.237903,0.166143,pdr
617,KRNY,41,0.064761,0.063013,0.011454,0.011446,0.107025,0.106988,pdr
618,KTF,136,0.026549,0.026159,0.001953,0.001794,0.044196,0.042356,pdr
619,KW,44,0.111677,0.073832,0.017560,0.009387,0.132516,0.096887,pdr
620,KWR,45,1.175335,0.991345,3.042894,2.548058,1.744389,1.596264,pdr
621,KYN,60,0.127575,0.107621,0.025871,0.026685,0.160845,0.163355,beta_div
622,L,45,0.222973,0.222973,0.115563,0.115563,0.339945,0.339945,pdr
623,LAD,44,1.249837,1.247990,3.263941,3.122598,1.806638,1.767087,pdr
624,LAMR,43,0.696752,0.493605,0.863221,0.590933,0.929097,0.768722,pdr
625,LANC,44,0.499217,0.524221,0.489868,0.509615,0.699905,0.713874,beta_div
626,LAND,134,0.072718,0.071988,0.013583,0.012699,0.116548,0.112688,pdr
627,LAZ,43,0.310447,0.305755,0.191211,0.188929,0.437276,0.434659,pdr
628,LCUT,45,0.425680,0.094983,0.196251,0.015405,0.443002,0.124118,pdr
629,LDOS,46,0.452112,0.608391,0.757067,1.843608,0.870096,1.357795,beta_div
630,LECO,44,0.417766,0.323108,0.316421,0.213962,0.562513,0.462560,pdr
631,LEG,44,0.268449,0.263832,0.217680,0.214026,0.466562,0.462629,pdr
632,LEN,45,0.543872,0.540710,0.675091,0.675347,0.821639,0.821795,beta_div
633,LEO,135,0.023187,0.022454,0.001384,0.001372,0.037196,0.037047,pdr
634,LFT,81,0.041833,0.041975,0.003969,0.003968,0.062999,0.062991,pdr
635,LFUS,45,1.018237,1.031224,2.050319,2.020443,1.431894,1.421423,pdr
636,LGI,134,0.066644,0.067045,0.008520,0.008819,0.092304,0.093907,beta_div
637,LGTY,45,0.106143,0.067853,0.017034,0.007859,0.130513,0.088650,pdr
638,LHX,44,0.914657,0.860844,4.197005,4.198652,2.048659,2.049061,beta_div
639,LII,44,0.957182,0.863724,1.817856,1.667934,1.348279,1.291485,pdr
640,LIN,44,1.601865,1.605414,7.319116,6.863583,2.705386,2.619844,pdr
641,LKFN,45,0.254170,0.254529,0.150659,0.150527,0.388148,0.387978,pdr
642,LLY,45,1.547001,1.362326,6.415261,6.197294,2.532836,2.489437,pdr
643,LMAT,44,0.188788,0.150656,0.074977,0.069874,0.273819,0.264338,pdr
644,LMNR,44,0.143068,0.111460,0.034592,0.022291,0.185990,0.149302,pdr
645,LMT,45,1.388154,1.323672,6.739612,6.575477,2.596076,2.564269,pdr
646,LNC,45,0.442627,0.442750,0.400908,0.400941,0.633173,0.633199,beta_div
647,LNN,45,1.237661,0.580047,2.009358,0.592949,1.417518,0.770032,pdr
648,LNT,45,0.261634,0.160362,0.094545,0.041677,0.307481,0.204148,pdr
649,LOAN,45,0.122572,0.076546,0.020257,0.010430,0.142329,0.102126,pdr
650,LOW,45,0.765381,0.761732,1.230272,1.211959,1.109176,1.100890,pdr
651,LPLA,44,2.026614,0.792040,5.082550,1.955484,2.254451,1.398386,pdr
652,LRCX,44,0.432362,0.577500,0.491500,0.759182,0.701071,0.871311,beta_div
653,LSTR,53,0.700329,0.622870,1.559687,1.655490,1.248874,1.286658,beta_div
654,LTC,134,0.188624,0.144392,0.061183,0.045212,0.247352,0.212631,pdr
655,LXFR,46,0.247624,0.103747,0.080047,0.026073,0.282925,0.161471,pdr
656,LXP,44,0.056888,0.047276,0.005706,0.004422,0.075537,0.066500,pdr
657,LYB,43,0.659961,0.642433,0.927447,0.915302,0.963041,0.956714,pdr
658,LYTS,45,0.098050,0.069832,0.021131,0.016631,0.145365,0.128961,pdr
659,LZB,44,0.231217,0.171074,0.086602,0.063115,0.294282,0.251226,pdr
660,MA,45,1.411637,1.408820,4.073485,4.073340,2.018288,2.018252,pdr
661,MAA,45,0.745807,0.564299,1.030245,0.775935,1.015010,0.880872,pdr
662,MAC,45,0.182295,0.213382,0.055294,0.071582,0.235147,0.267547,beta_div
663,MAIN,158,0.183095,0.137631,0.061445,0.042530,0.247881,0.206229,pdr
664,MAS,45,0.248596,0.210639,0.123421,0.118470,0.351314,0.344194,pdr
665,MATW,45,0.565561,0.498620,0.847512,0.786965,0.920604,0.887111,pdr
666,MATX,45,0.639590,0.672144,1.675875,1.664131,1.294556,1.290012,pdr
667,MAV,134,0.031172,0.031141,0.001828,0.001803,0.042759,0.042458,pdr
668,MBWM,45,0.210837,0.214095,0.091897,0.093231,0.303145,0.305338,beta_div
669,MCD,45,0.731349,0.728535,1.155744,1.154895,1.075056,1.074660,pdr
670,MCHP,45,0.365528,0.366612,0.281295,0.279746,0.530373,0.528910,pdr
671,MCI,44,0.179792,0.107538,0.044085,0.017872,0.209965,0.133686,pdr
672,MCK,45,1.746930,1.018774,3.782181,2.353668,1.944783,1.534167,pdr
673,MCN,44,0.070826,0.070826,0.025830,0.025830,0.160717,0.160717,pdr
674,MCO,45,1.270388,1.216815,4.964850,4.452198,2.228194,2.110023,pdr
675,MCR,134,0.037386,0.023586,0.001880,0.001341,0.043354,0.036623,pdr
676,MCY,44,0.548710,0.274065,0.610881,0.480876,0.781589,0.693452,pdr
677,MDLZ,44,0.195190,0.185950,0.082433,0.075992,0.287111,0.275666,pdr
678,MDT,43,0.420852,0.402138,0.378622,0.372248,0.615323,0.610121,pdr
679,MDU,43,0.050053,0.040629,0.004352,0.003451,0.065967,0.058741,pdr
680,MEI,45,0.242203,0.205654,0.078811,0.068621,0.280734,0.261956,pdr
681,MEOH,43,0.526474,0.534449,0.514274,0.520170,0.717129,0.721228,beta_div
682,MET,45,0.629857,0.448453,0.692540,0.363979,0.832190,0.603307,pdr
683,MFA,43,0.119271,0.104474,0.021612,0.018470,0.147011,0.135904,pdr
684,MFIC,45,0.306036,0.100852,0.108101,0.020000,0.328787,0.141420,pdr
685,MFM,134,0.017903,0.017275,0.000546,0.000523,0.023360,0.022863,pdr
686,MGA,44,0.922061,0.472986,1.096390,0.507679,1.047086,0.712516,pdr
687,MGEE,45,0.791105,0.252257,0.707789,0.133348,0.841302,0.365169,pdr
688,MGRC,45,0.388689,0.343447,0.308128,0.272122,0.555092,0.521654,pdr
689,MHD,134,0.068436,0.052212,0.008740,0.005758,0.093487,0.075880,pdr
690,MHI,134,0.029013,0.028476,0.001330,0.001270,0.036466,0.035639,pdr
691,MHN,134,0.044798,0.039642,0.004715,0.003867,0.068665,0.062184,pdr
692,MIN,134,0.010343,0.008480,0.000182,0.000130,0.013478,0.011421,pdr
693,MITT,43,0.140924,0.155248,0.042731,0.058552,0.206715,0.241976,beta_div
694,MIY,134,0.036450,0.036246,0.002716,0.002701,0.052116,0.051972,pdr
695,MKSI,45,1.231112,0.790360,3.103233,2.060166,1.761600,1.435328,pdr
696,MKTX,45,1.780027,1.959703,19.572352,19.364521,4.424065,4.400514,pdr
697,MLAB,45,2.651056,1.214622,9.512781,3.038388,3.084280,1.743097,pdr
698,MLI,45,0.166342,0.170881,0.048673,0.215842,0.220619,0.464588,beta_div
699,MLKN,43,0.496964,0.231750,0.340149,0.188517,0.583223,0.434185,pdr
700,MLM,45,1.576414,1.552378,4.320202,4.310780,2.078509,2.076242,pdr
701,MLR,44,0.499650,0.173936,0.303483,0.062711,0.550893,0.250422,pdr
702,MMC,45,0.889338,0.526931,1.306707,1.028427,1.143113,1.014114,pdr
703,MMD,134,0.064789,0.063542,0.008027,0.007328,0.089593,0.085601,pdr
704,MMLP,45,0.123947,0.277368,0.050994,0.175179,0.225818,0.418544,beta_div
705,MMM,45,0.532637,0.501196,0.558947,0.532348,0.747627,0.729622,pdr
706,MMS,45,0.455134,0.444230,0.430141,0.430549,0.655851,0.656162,beta_div
707,MMT,134,0.020840,0.014741,0.000708,0.000422,0.026608,0.020553,pdr
708,MMU,134,0.035224,0.035066,0.003506,0.003495,0.059209,0.059120,pdr
709,MNRO,45,0.343702,0.344626,0.403920,0.403118,0.635547,0.634915,pdr
710,MO,44,0.217445,0.205469,0.132703,0.110622,0.364284,0.332598,pdr
711,MOFG,45,0.191182,0.176372,0.073929,0.069016,0.271898,0.262708,pdr
712,MORN,45,0.853757,0.851280,1.769963,1.752252,1.330400,1.323727,pdr
713,MOV,41,0.155557,0.154459,0.046792,0.047767,0.216314,0.218556,beta_div
714,MPA,134,0.055479,0.043682,0.005708,0.003655,0.075554,0.060460,pdr
715,MPC,45,0.600194,0.556151,0.736261,0.712590,0.858057,0.844150,pdr
716,MPLX,45,0.290521,0.295589,0.283558,0.283392,0.532502,0.532346,pdr
717,MPW,44,0.071874,0.069861,0.013899,0.013194,0.117895,0.114866,pdr
718,MPWR,43,2.001775,1.893724,9.761196,9.720804,3.124291,3.117820,pdr
719,MPX,45,0.111709,0.118156,0.034539,0.034363,0.185846,0.185372,pdr
720,MQT,134,0.049077,0.039455,0.004308,0.002933,0.065632,0.054161,pdr
721,MQY,134,0.070972,0.057974,0.013762,0.010352,0.117312,0.101745,pdr
722,MRCC,44,0.173160,0.085148,0.037274,0.013078,0.193066,0.114358,pdr
723,MRK,44,0.399565,0.307688,0.280933,0.225248,0.530031,0.474603,pdr
724,MRTN,44,0.103994,0.165263,0.038374,0.085134,0.195892,0.291778,beta_div
725,MRVL,44,0.421457,0.421457,0.394118,0.394118,0.627789,0.627789,pdr
726,MS,45,0.384892,0.416741,0.304546,0.326556,0.551857,0.571451,beta_div
727,MSA,45,1.315754,0.564459,2.113312,0.542484,1.453723,0.736535,pdr
728,MSCI,42,1.899092,1.840601,8.650227,8.751734,2.941127,2.958333,beta_div
729,MSD,44,0.026085,0.026483,0.001366,0.001363,0.036953,0.036914,pdr
730,MSEX,46,0.803505,0.251107,0.722412,0.103043,0.849948,0.321003,pdr
731,MSFT,45,1.407285,1.074537,3.617913,2.441719,1.902081,1.562600,pdr
732,MSI,44,1.113588,1.184230,4.940291,4.670634,2.222677,2.161165,pdr
733,MSM,47,0.498381,0.577561,0.732459,0.888456,0.855838,0.942579,beta_div
734,MTB,45,0.879252,0.875985,1.419920,1.419327,1.191604,1.191355,pdr
735,MTRN,45,0.434739,0.424786,0.346206,0.344197,0.588393,0.586683,pdr
736,MTX,45,0.503128,0.487270,0.544308,0.542702,0.737772,0.736683,pdr
737,MUA,134,0.045420,0.044206,0.003862,0.003709,0.062147,0.060900,pdr
738,MUC,134,0.032527,0.031907,0.002230,0.002180,0.047224,0.046690,pdr
739,MUE,134,0.036769,0.035754,0.004108,0.003940,0.064093,0.062769,pdr
740,MUJ,133,0.036419,0.035880,0.002522,0.002419,0.050217,0.049188,pdr
741,MUR,45,0.445497,0.331471,0.325069,0.210177,0.570148,0.458451,pdr
742,MVF,134,0.023420,0.023214,0.000978,0.000968,0.031265,0.031116,pdr
743,MVO,45,0.150392,0.141107,0.039401,0.039321,0.198497,0.198295,pdr
744,MVT,133,0.055606,0.049340,0.005578,0.004487,0.074683,0.066988,pdr
745,MWA,45,0.192251,0.142309,0.115455,0.108939,0.339787,0.330060,pdr
746,MXF,40,0.088678,0.089388,0.013640,0.013641,0.116791,0.116794,beta_div
747,MYD,134,0.058069,0.040965,0.005859,0.003513,0.076547,0.059267,pdr
748,MYE,44,0.416505,0.147503,0.219074,0.045618,0.468054,0.213583,pdr
749,MYI,134,0.037848,0.032648,0.002581,0.002086,0.050803,0.045672,pdr
750,MYN,133,0.036091,0.032583,0.002272,0.001964,0.047668,0.044322,pdr
751,NAC,138,0.046693,0.042986,0.010021,0.009199,0.100104,0.095910,pdr
752,NAD,136,0.051140,0.045130,0.034718,0.033897,0.186329,0.184111,pdr
753,NAN,135,0.051232,0.050021,0.025258,0.024448,0.158928,0.156357,pdr
754,NAT,42,0.041860,0.047334,0.003521,0.004294,0.059342,0.065528,beta_div
755,NAZ,136,0.055869,0.051127,0.010861,0.010630,0.104218,0.103102,pdr
756,NBH,134,0.065825,0.046255,0.009046,0.005710,0.095109,0.075568,pdr
757,NBHC,45,0.201907,0.203010,0.079083,0.078548,0.281217,0.280264,pdr
758,NBTB,45,0.192022,0.158397,0.068695,0.048436,0.262097,0.220083,pdr
759,NC,45,0.189745,0.190109,0.081315,0.080996,0.285158,0.284597,pdr
760,NCA,136,0.045872,0.042018,0.011681,0.011106,0.108080,0.105387,pdr
761,NCV,134,0.181545,0.207362,0.050985,0.068301,0.225799,0.261345,beta_div
762,NCZ,135,0.176034,0.202469,0.047725,0.083440,0.218461,0.288860,beta_div
763,NDAQ,44,0.254654,0.225190,0.191563,0.189387,0.437679,0.435186,pdr
764,NDSN,44,1.251444,1.168655,3.482651,3.400427,1.866186,1.844025,pdr
765,NEE,45,0.173725,0.163933,0.060542,0.056178,0.246052,0.237018,pdr
766,NEM,46,0.402161,0.370370,0.366221,0.385349,0.605162,0.620765,beta_div
767,NEU,44,3.319131,2.229757,16.484377,11.521896,4.060096,3.394392,pdr
768,NEWT,41,0.156778,0.146484,0.039128,0.037689,0.197809,0.194137,pdr
769,NFBK,45,0.128259,0.098439,0.037623,0.034653,0.193967,0.186153,pdr
770,NFG,44,0.439870,0.195076,0.242829,0.063955,0.492777,0.252894,pdr
771,NFJ,45,0.057349,0.063333,0.007982,0.008214,0.089343,0.090630,beta_div
772,NHC,44,0.458487,0.391893,0.420864,0.371935,0.648740,0.609865,pdr
773,NHI,44,0.321763,0.234504,0.146168,0.096274,0.382320,0.310281,pdr
774,NHTC,42,0.144279,0.141856,0.061905,0.061124,0.248808,0.247233,pdr
775,NI,45,0.107295,0.106955,0.024529,0.024094,0.156619,0.155223,pdr
776,NIE,47,0.098041,0.103232,0.028734,0.027638,0.169511,0.166248,pdr
777,NIM,134,0.030624,0.029558,0.002069,0.002049,0.045486,0.045263,pdr
778,NJR,44,0.304760,0.293302,0.289018,0.272557,0.537604,0.522069,pdr
779,NKE,45,0.622962,0.640123,1.142523,1.114927,1.068888,1.055901,pdr
780,NLY,46,0.092781,0.086980,0.012789,0.010936,0.113090,0.104574,pdr
781,NMFC,45,0.094525,0.073277,0.019795,0.018242,0.140695,0.135065,pdr
782,NMI,134,0.070735,0.053866,0.012478,0.011046,0.111706,0.105101,pdr
783,NML,134,0.062573,0.060506,0.008302,0.007968,0.091114,0.089265,pdr
784,NMZ,134,0.045144,0.038022,0.007028,0.006555,0.083831,0.080963,pdr
785,NNI,45,0.771181,0.533156,1.201699,1.097340,1.096221,1.047540,pdr
786,NNN,45,0.245726,0.152993,0.092971,0.055216,0.304912,0.234982,pdr
787,NNY,136,0.035080,0.028621,0.001823,0.001425,0.042702,0.037750,pdr
788,NOA,43,0.070262,0.071860,0.011946,0.012061,0.109297,0.109823,beta_div
789,NOC,45,1.658190,1.276241,5.389600,4.274321,2.321551,2.067443,pdr
790,NPO,41,0.478690,0.462044,0.426072,0.406249,0.652742,0.637377,pdr
791,NPV,134,0.043776,0.040333,0.003564,0.003146,0.059699,0.056085,pdr
792,NQP,137,0.047478,0.040277,0.003954,0.002972,0.062878,0.054515,pdr
793,NRG,45,0.197607,0.156068,0.196405,0.198667,0.443176,0.445721,beta_div
794,NRIM,45,0.296823,0.280081,0.180025,0.155101,0.424294,0.393829,pdr
795,NRP,46,0.474660,0.405374,0.630866,0.668598,0.794271,0.817678,beta_div
796,NRT,44,0.162249,0.159091,0.056031,0.059670,0.236708,0.244275,beta_div
797,NSP,45,0.538411,0.602458,0.963942,0.960801,0.981805,0.980205,pdr
798,NTAP,45,0.401491,0.396394,0.329876,0.323925,0.574348,0.569144,pdr
799,NTES,43,0.829769,0.847278,2.146140,2.220846,1.464971,1.490250,beta_div
800,NTRS,44,1.143193,0.651221,1.892569,1.257999,1.375707,1.121605,pdr
801,NUE,44,1.712528,0.472698,3.277807,0.427478,1.810472,0.653818,pdr
802,NUS,45,0.275224,0.267412,0.122182,0.115749,0.349546,0.340220,pdr
803,NUV,134,0.038082,0.022953,0.002545,0.001360,0.050444,0.036883,pdr
804,NUW,135,0.056793,0.057003,0.016497,0.016509,0.128439,0.128489,beta_div
805,NVDA,44,0.080537,0.081717,0.022593,0.020365,0.150309,0.142705,pdr
806,NVG,136,0.038455,0.036700,0.005411,0.005023,0.073561,0.070876,pdr
807,NWBI,45,0.072501,0.072083,0.010890,0.010897,0.104354,0.104389,beta_div
808,NWE,44,0.334392,0.346480,0.596100,0.577512,0.772075,0.759942,pdr
809,NWL,45,0.150593,0.129512,0.039170,0.030424,0.197915,0.174426,pdr
810,NWN,45,2.175028,0.207478,4.835160,0.105928,2.198900,0.325466,pdr
811,NX,44,0.206061,0.184504,0.073243,0.060993,0.270634,0.246968,pdr
812,NXDT,117,0.090652,0.099157,0.016789,0.023375,0.129573,0.152890,beta_div
813,NXG,106,0.385831,0.386278,0.489713,0.489395,0.699795,0.699568,pdr
814,NXP,134,0.105519,0.056689,0.026999,0.019525,0.164313,0.139732,pdr
815,NXST,45,0.797045,0.728881,1.631884,1.690485,1.277452,1.300187,beta_div
816,NYMT,44,0.160851,0.157266,0.050940,0.050880,0.225699,0.225566,pdr
817,NYT,45,0.152630,0.154668,0.065749,0.062641,0.256416,0.250282,pdr
818,NZF,137,0.048133,0.044946,0.016340,0.015255,0.127828,0.123513,pdr
819,O,134,0.254044,0.231620,0.132586,0.110659,0.364123,0.332654,pdr
820,OCFC,45,0.187600,0.184085,0.081468,0.079358,0.285425,0.281705,pdr
821,OCSL,69,0.161812,0.143128,0.052322,0.045719,0.228740,0.213820,pdr
822,ODC,45,0.131950,0.122699,0.030217,0.028041,0.173829,0.167455,pdr
823,OFG,44,0.187702,0.201976,0.253788,0.246584,0.503774,0.496572,pdr
824,OFS,44,0.220186,0.127220,0.072272,0.029386,0.268834,0.171422,pdr
825,OGE,45,0.147614,0.117695,0.047675,0.038423,0.218346,0.196019,pdr
826,OHI,46,0.201165,0.195200,0.122986,0.120645,0.350693,0.347340,pdr
827,OIA,134,0.124559,0.032926,0.020044,0.007232,0.141575,0.085039,pdr
828,OKE,45,0.364881,0.307882,0.216685,0.172788,0.465494,0.415678,pdr
829,OLN,45,0.313916,0.313916,0.187745,0.187745,0.433295,0.433295,pdr
830,OLP,44,1.115426,0.163758,1.285764,0.079261,1.133915,0.281534,pdr
831,OMC,44,0.863566,0.517797,1.050664,0.578238,1.025019,0.760420,pdr
832,ONB,45,0.292171,0.086362,0.093070,0.017848,0.305074,0.133598,pdr
833,OPY,47,0.163918,0.164434,0.038086,0.038364,0.195158,0.195867,beta_div
834,ORA,44,0.508404,0.540384,1.247708,1.225184,1.117009,1.106880,pdr
835,ORC,134,0.173768,0.167696,0.132783,0.132897,0.364394,0.364550,beta_div
836,ORCL,45,0.467445,0.367576,0.490258,0.430572,0.700184,0.656180,pdr
837,ORI,48,0.095772,0.099655,0.023622,0.024047,0.153694,0.155072,beta_div
838,OTEX,45,0.172530,0.156350,0.051077,0.047562,0.226003,0.218086,pdr
839,OTTR,45,1.815066,0.347927,3.584952,0.378221,1.893397,0.614997,pdr
840,OVV,44,0.509028,0.473636,0.406122,0.398675,0.637277,0.631407,pdr
841,OXLC,102,0.060328,0.056345,0.013310,0.014551,0.115368,0.120628,beta_div
842,OXM,45,0.450417,0.477019,0.398532,0.370480,0.631294,0.608671,pdr
843,OXSQ,92,0.030326,0.033232,0.002123,0.002534,0.046079,0.050337,beta_div
844,OXY,44,0.882863,1.771138,2.837770,6.930644,1.684568,2.632612,beta_div
845,OZK,45,0.334949,0.326112,0.211956,0.210373,0.460387,0.458664,pdr
846,PAA,45,0.127556,0.123513,0.025274,0.023489,0.158979,0.153262,pdr
847,PAG,43,0.742017,0.595200,0.961275,0.916730,0.980446,0.957460,pdr
848,PAGP,45,0.157032,0.156339,0.038154,0.038059,0.195330,0.195086,pdr
849,PAI,134,0.059049,0.054514,0.007632,0.006420,0.087362,0.080124,pdr
850,PARA,43,0.283655,0.297695,0.196794,0.196465,0.443615,0.443243,pdr
851,PAYX,45,0.392976,0.372117,0.380110,0.376001,0.616530,0.613189,pdr
852,PB,44,0.950531,0.543123,1.208233,0.797216,1.099197,0.892869,pdr
853,PBA,114,0.198180,0.201177,0.086881,0.087505,0.294755,0.295813,beta_div
854,PBT,134,0.069416,0.069407,0.013005,0.013042,0.114041,0.114203,beta_div
855,PCAR,56,0.350604,0.421129,0.401878,0.474868,0.633938,0.689107,beta_div
856,PCF,123,0.035649,0.034583,0.003634,0.003637,0.060280,0.060305,beta_div
857,PCH,47,0.247790,0.249801,0.120136,0.125745,0.346606,0.354606,beta_div
858,PCK,136,0.034226,0.032243,0.002163,0.001860,0.046504,0.043128,pdr
859,PCM,136,0.062302,0.062271,0.006503,0.006498,0.080643,0.080608,pdr
860,PCN,140,0.065649,0.064205,0.010015,0.009764,0.100073,0.098814,pdr
861,PCQ,136,0.070053,0.068611,0.011556,0.011282,0.107501,0.106217,pdr
862,PDCO,44,0.531240,0.141255,0.318335,0.042098,0.564212,0.205177,pdr
863,PDI,140,0.087103,0.087159,0.015027,0.015069,0.122587,0.122758,beta_div
864,PDM,47,0.086447,0.080469,0.014028,0.013639,0.118438,0.116784,pdr
865,PEB,45,0.118676,0.189414,0.026423,0.054756,0.162553,0.234000,beta_div
866,PEBO,45,0.213839,0.210418,0.092044,0.091891,0.303388,0.303135,pdr
867,PEG,44,0.395748,0.289781,0.405970,0.292744,0.637158,0.541058,pdr
868,PEGA,44,0.391807,0.312952,0.256692,0.180175,0.506648,0.424470,pdr
869,PEO,45,0.123251,0.134611,0.040381,0.043098,0.200950,0.207600,beta_div
870,PEP,44,0.431372,0.432738,0.390077,0.389242,0.624561,0.623893,pdr
871,PFBC,42,0.434942,0.415408,0.450271,0.408633,0.671022,0.639244,pdr
872,PFD,134,0.086949,0.066901,0.013822,0.009170,0.117567,0.095760,pdr
873,PFE,45,0.366449,0.203552,0.173214,0.079145,0.416190,0.281326,pdr
874,PFL,135,0.043525,0.034534,0.003148,0.001874,0.056103,0.043289,pdr
875,PFLT,138,0.052963,0.053367,0.005462,0.005435,0.073904,0.073724,pdr
876,PFN,137,0.034173,0.026268,0.002386,0.001833,0.048846,0.042818,pdr
877,PFO,134,0.057516,0.057486,0.006171,0.006170,0.078553,0.078551,pdr
878,PFS,46,0.109862,0.109685,0.019356,0.019355,0.139124,0.139123,pdr
879,PG,45,0.602974,0.527792,0.690968,0.470594,0.831245,0.685999,pdr
880,PGC,45,0.225778,0.225778,0.122267,0.122267,0.349666,0.349666,pdr
881,PGP,134,0.087734,0.083498,0.016199,0.015860,0.127275,0.125938,pdr
882,PGZ,134,0.085395,0.084751,0.019230,0.019217,0.138673,0.138626,pdr
883,PH,45,2.146217,1.550834,9.104402,8.088183,3.017350,2.843973,pdr
884,PHD,134,0.031758,0.026206,0.001585,0.001203,0.039815,0.034691,pdr
885,PHK,134,0.034612,0.034767,0.003184,0.003182,0.056431,0.056409,pdr
886,PHM,44,0.388905,0.376094,0.532438,0.495145,0.729684,0.703666,pdr
887,PHT,133,0.051118,0.033199,0.003642,0.002227,0.060346,0.047186,pdr
888,PII,45,0.750748,0.555449,0.836962,0.568073,0.914856,0.753706,pdr
889,PIM,135,0.016890,0.012604,0.000514,0.000342,0.022664,0.018498,pdr
890,PKE,50,0.090518,0.128844,0.012841,0.053236,0.113319,0.230729,beta_div
891,PKG,44,0.691766,0.666286,1.375323,1.333866,1.172742,1.154931,pdr
892,PKOH,42,0.341066,0.341066,0.197367,0.197367,0.444260,0.444260,pdr
893,PLD,44,1.046069,0.627200,1.847208,1.225017,1.359120,1.106805,pdr
894,PLOW,44,0.969092,0.208540,0.995748,0.067573,0.997872,0.259948,pdr
895,PLPC,44,0.704546,0.704546,1.031792,1.031792,1.015772,1.015772,pdr
896,PM,44,0.390747,0.339307,0.229985,0.191297,0.479567,0.437375,pdr
897,PMF,136,0.047945,0.039585,0.003902,0.002956,0.062469,0.054368,pdr
898,PML,134,0.062863,0.042154,0.006611,0.004110,0.081308,0.064106,pdr
899,PMM,135,0.017625,0.017416,0.000704,0.000702,0.026530,0.026499,pdr
900,PMO,135,0.037467,0.029339,0.003226,0.002456,0.056795,0.049554,pdr
901,PMT,45,0.129949,0.081226,0.023878,0.014615,0.154525,0.120891,pdr
902,PMX,136,0.045059,0.033664,0.003025,0.001964,0.054996,0.044313,pdr
903,PNFP,45,0.652518,0.467273,0.694942,0.515776,0.833632,0.718175,pdr
904,PNI,133,0.055264,0.043990,0.005320,0.003661,0.072940,0.060508,pdr
905,PNNT,56,0.044290,0.044307,0.004117,0.003767,0.064166,0.061373,pdr
906,PNR,45,0.631726,0.286518,0.508204,0.171058,0.712884,0.413592,pdr
907,PNW,45,0.335017,0.322736,0.188261,0.181372,0.433890,0.425878,pdr
908,POOL,44,1.967377,1.593431,8.410520,8.245520,2.900090,2.871501,pdr
909,POWI,45,0.453756,0.397275,0.359502,0.314363,0.599585,0.560681,pdr
910,POWL,45,119.868318,2.053933,14407.480899,41.415420,120.031166,6.435481,pdr
911,PPG,45,0.689143,0.702652,1.950568,1.935539,1.396627,1.391237,pdr
912,PPL,44,0.402471,0.157889,0.200507,0.086431,0.447780,0.293992,pdr
913,PPT,135,0.012766,0.012666,0.000283,0.000279,0.016818,0.016717,pdr
914,PRGO,43,0.808352,0.498982,1.237559,1.010029,1.112456,1.005002,pdr
915,PRI,45,0.725868,0.729690,1.068337,1.019855,1.033604,1.009879,pdr
916,PRIM,44,0.243684,0.111484,0.073720,0.022076,0.271515,0.148579,pdr
917,PRK,45,1.983076,0.569043,4.520659,0.660882,2.126184,0.812946,pdr
918,PRMB,44,0.087565,0.085423,0.017012,0.023306,0.130429,0.152662,beta_div
919,PRU,45,0.600903,0.562923,0.647016,0.581219,0.804373,0.762377,pdr
920,PSA,45,1.700704,1.785763,7.245070,6.853608,2.691667,2.617940,pdr
921,PSEC,135,0.033556,0.031778,0.002720,0.002557,0.052158,0.050569,pdr
922,PSF,139,0.089643,0.089896,0.015172,0.015163,0.123176,0.123139,pdr
923,PSX,45,0.625033,0.623702,0.755157,0.755221,0.868998,0.869035,beta_div
924,PTEN,45,0.173548,0.190436,0.064550,0.064439,0.254067,0.253848,pdr
925,PTMN,44,0.376988,0.325245,0.225416,0.247092,0.474780,0.497083,beta_div
926,PTY,140,0.082788,0.059685,0.012295,0.008560,0.110883,0.092521,pdr
927,PVL,108,0.035786,0.036600,0.002601,0.002645,0.050995,0.051428,beta_div
928,PZC,135,0.054210,0.037188,0.004266,0.002208,0.065318,0.046989,pdr
929,PZZA,45,0.547512,0.470146,0.708092,0.549360,0.841482,0.741189,pdr
930,QCOM,45,0.904209,0.712878,1.477520,1.143208,1.215533,1.069209,pdr
931,QQQX,44,0.206919,0.162124,0.102680,0.083623,0.320438,0.289177,pdr
932,R,45,0.579545,0.455811,0.627522,0.461309,0.792163,0.679198,pdr
933,RBCAA,44,0.380005,0.212150,0.199723,0.108198,0.446904,0.328934,pdr
934,RC,45,0.067801,0.057248,0.008241,0.006172,0.090779,0.078562,pdr
935,RCI,42,0.262380,0.186537,0.148038,0.120941,0.384757,0.347766,pdr
936,RCKY,45,0.334346,0.223389,0.157506,0.116178,0.396870,0.340849,pdr
937,RCS,135,0.054101,0.043975,0.004721,0.003505,0.068707,0.059203,pdr
938,RDN,45,0.143764,0.650103,0.033789,0.850345,0.183818,0.922141,beta_div
939,RDUS,45,0.225185,0.225185,0.141475,0.141475,0.376132,0.376132,pdr
940,REG,44,0.478509,0.290313,0.318167,0.160986,0.564063,0.401231,pdr
941,RELL,45,0.053985,0.053985,0.006460,0.006460,0.080372,0.080372,pdr
942,REXR,44,0.154305,0.154905,0.054418,0.053994,0.233277,0.232366,pdr
943,RF,45,0.110077,0.109488,0.026559,0.026641,0.162971,0.163220,beta_div
944,RGA,45,0.614216,0.619013,0.990557,0.937548,0.995267,0.968271,pdr
945,RGLD,44,1.188954,0.573385,1.802924,0.597753,1.342730,0.773145,pdr
946,RGP,45,0.074542,0.073995,0.011550,0.011233,0.107471,0.105984,pdr
947,RGR,45,0.289097,0.306023,0.159334,0.168533,0.399166,0.410528,beta_div
948,RHI,45,0.347848,0.324350,0.283094,0.280536,0.532066,0.529657,pdr
949,RITM,44,0.051604,0.053948,0.004833,0.005044,0.069521,0.071024,beta_div
950,RJF,44,0.387861,0.380115,0.254042,0.243959,0.504026,0.493922,pdr
951,RL,40,1.455684,0.822282,3.042101,1.562082,1.744162,1.249833,pdr
952,RLI,45,0.223921,0.225986,0.094473,0.095102,0.307365,0.308385,beta_div
953,RLJ,45,0.093030,0.179573,0.016925,0.047128,0.130096,0.217089,beta_div
954,RMAX,40,0.213573,0.214026,0.095795,0.102170,0.309508,0.319641,beta_div
955,RMT,44,0.044460,0.046048,0.003093,0.003230,0.055617,0.056837,beta_div
956,RNP,113,0.083196,0.081215,0.013813,0.013218,0.117528,0.114968,pdr
957,RNR,41,1.371172,1.078263,5.129415,4.126904,2.264821,2.031478,pdr
958,RNST,44,0.870593,0.380279,0.937577,0.477423,0.968286,0.690958,pdr
959,ROK,45,2.689107,1.291648,9.896922,5.247219,3.145937,2.290681,pdr
960,ROL,45,0.085286,0.084256,0.017685,0.017611,0.132985,0.132708,pdr
961,ROP,45,2.033942,1.758830,7.960782,7.532953,2.821486,2.744623,pdr
962,ROST,41,0.634312,0.595573,1.911407,1.908740,1.382537,1.381572,pdr
963,RPM,45,0.470346,0.409398,0.458522,0.362529,0.677143,0.602104,pdr
964,RQI,114,0.054852,0.055174,0.006580,0.006485,0.081120,0.080531,pdr
965,RRX,45,0.495396,0.526294,0.482018,0.609498,0.694275,0.780703,beta_div
966,RS,44,0.866202,0.850267,1.988908,1.894786,1.410287,1.376512,pdr
967,RTX,45,0.440094,0.391902,0.312490,0.276199,0.559008,0.525547,pdr
968,RVT,44,0.051484,0.051493,0.005008,0.005003,0.070765,0.070731,pdr
969,RWT,44,0.163350,0.075327,0.033552,0.017550,0.183171,0.132478,pdr
970,RY,41,0.584728,0.330351,0.486686,0.240984,0.697629,0.490901,pdr
971,SABA,134,0.036455,0.035651,0.002689,0.002760,0.051858,0.052537,beta_div
972,SAFT,45,0.487258,0.340631,0.401019,0.288556,0.633261,0.537174,pdr
973,SAH,44,0.337833,0.331980,0.269971,0.284318,0.519587,0.533214,beta_div
974,SAIC,45,0.474095,0.434743,0.414315,0.377719,0.643673,0.614589,pdr
975,SAMG,44,0.148470,0.139430,0.041258,0.037917,0.203121,0.194722,pdr
976,SASR,45,0.371537,0.257445,0.279405,0.192904,0.528588,0.439208,pdr
977,SBGI,44,0.237223,0.163076,0.107634,0.058523,0.328077,0.241915,pdr
978,SBI,134,0.028763,0.026703,0.001381,0.001160,0.037164,0.034056,pdr
979,SBR,134,0.293377,0.308608,0.243259,0.242069,0.493213,0.492005,pdr
980,SBRA,45,0.110384,0.082579,0.018158,0.012194,0.134751,0.110425,pdr
981,SBSI,45,0.606719,0.221312,0.514002,0.159271,0.716940,0.399088,pdr
982,SBUX,45,0.441427,0.439030,0.353725,0.353918,0.594748,0.594910,beta_div
983,SCD,56,0.093395,0.071873,0.012799,0.007827,0.113135,0.088470,pdr
984,SCHL,45,0.159879,0.154082,0.053437,0.052266,0.231165,0.228617,pdr
985,SCI,44,0.289389,0.258645,0.316833,0.300456,0.562880,0.548139,pdr
986,SCL,45,0.441390,0.426231,0.311367,0.307312,0.558003,0.554357,pdr
987,SCM,129,0.092333,0.063023,0.013265,0.006920,0.115172,0.083188,pdr
988,SCS,44,0.112884,0.073942,0.018211,0.011623,0.134948,0.107809,pdr
989,SCVL,45,0.155362,0.150878,0.044691,0.043168,0.211403,0.207770,pdr
990,SEE,44,0.283115,0.240558,0.141375,0.118691,0.375999,0.344516,pdr
991,SEVN,44,0.101567,0.100960,0.015181,0.015088,0.123210,0.122831,pdr
992,SFNC,44,0.502988,0.237923,0.329082,0.182482,0.573657,0.427180,pdr
993,SGC,44,0.114333,0.109218,0.022606,0.021104,0.150354,0.145272,pdr
994,SGU,45,0.084325,0.054395,0.009813,0.004976,0.099061,0.070542,pdr
995,SHEL,44,0.538843,0.427976,0.444288,0.309198,0.666550,0.556056,pdr
996,SHW,45,0.782130,0.789732,1.659132,1.656955,1.288073,1.287228,pdr
997,SIGI,45,0.608797,0.329083,0.487067,0.203527,0.697902,0.451139,pdr
998,SIMO,40,0.232285,0.235461,0.109982,0.105834,0.331635,0.325322,pdr
999,SITC,41,0.731592,0.890046,0.849571,1.422740,0.921722,1.192787,beta_div
1000,SJM,45,1.099892,0.471802,1.976666,0.809862,1.405939,0.899923,pdr
1001,SJT,109,0.059045,0.059578,0.006753,0.006846,0.082179,0.082739,beta_div
1002,SKT,44,0.266462,0.149193,0.118858,0.064458,0.344758,0.253885,pdr
1003,SLB,45,0.427834,0.389236,0.259315,0.241857,0.509230,0.491789,pdr
1004,SLG,84,0.437120,0.469432,0.391942,0.414180,0.626053,0.643569,beta_div
1005,SLGN,44,0.138473,0.136959,0.103281,0.103308,0.321374,0.321416,beta_div
1006,SLP,43,0.657685,0.170065,0.470106,0.072784,0.685643,0.269785,pdr
1007,SLRC,56,0.085385,0.084456,0.012871,0.011631,0.113450,0.107848,pdr
1008,SMP,43,0.498780,0.354165,0.591057,0.379849,0.768803,0.616319,pdr
1009,SNA,45,0.864797,0.784176,1.411553,1.333293,1.188088,1.154683,pdr
1010,SNV,44,0.306530,0.305403,0.240867,0.239498,0.490782,0.489385,pdr
1011,SO,45,0.331595,0.176195,0.152791,0.053182,0.390884,0.230611,pdr
1012,SON,45,0.254044,0.265429,0.284416,0.276970,0.533307,0.526280,pdr
1013,SOR,81,0.257074,0.508186,0.162688,4.819630,0.403346,2.195366,beta_div
1014,SPG,44,1.341339,0.704365,2.535064,0.910314,1.592188,0.954104,pdr
1015,SPGI,45,1.343627,1.290292,3.778400,3.730815,1.943811,1.931532,pdr
1016,SPH,45,0.134260,0.134095,0.030499,0.030436,0.174638,0.174458,pdr
1017,SPOK,45,0.123532,0.094108,0.026418,0.018748,0.162536,0.136925,pdr
1018,SPTN,44,0.146028,0.145512,0.049905,0.049904,0.223393,0.223391,pdr
1019,SPXX,44,0.088085,0.086445,0.016782,0.016714,0.129546,0.129282,pdr
1020,SR,44,0.314274,0.250709,0.184440,0.157975,0.429465,0.397461,pdr
1021,SRCE,45,0.303574,0.279319,0.233836,0.225606,0.483566,0.474981,pdr
1022,SRE,44,0.240399,0.198958,0.093515,0.067908,0.305802,0.260591,pdr
1023,SRV,124,0.372393,0.362649,0.388206,0.507964,0.623062,0.712716,beta_div
1024,SSNC,42,0.313952,0.339343,0.257820,0.247578,0.507760,0.497572,pdr
1025,STAG,134,0.648841,0.121444,0.444489,0.027224,0.666700,0.164998,pdr
1026,STBA,45,0.193278,0.189662,0.069873,0.068979,0.264335,0.262638,pdr
1027,STE,44,0.815445,0.799315,1.481648,1.481048,1.217229,1.216983,pdr
1028,STEW,63,0.032727,0.034303,0.002277,0.002317,0.047718,0.048140,beta_div
1029,STK,51,0.142933,0.147812,0.036584,0.036008,0.191269,0.189759,pdr
1030,STLD,44,0.506483,0.282909,0.334268,0.235518,0.578159,0.485302,pdr
1031,STM,43,0.467104,0.422583,0.714405,0.598891,0.845225,0.773881,pdr
1032,STNG,43,0.373400,0.396456,0.370575,0.383269,0.608749,0.619088,beta_div
1033,STT,44,0.460404,0.460125,0.414299,0.414072,0.643660,0.643484,pdr
1034,STX,44,0.831761,0.459651,0.968229,0.545882,0.983986,0.738839,pdr
1035,STZ,40,0.837569,0.713436,1.156540,0.980798,1.075425,0.990352,pdr
1036,SU,41,0.218431,0.217664,0.074562,0.073951,0.273060,0.271939,pdr
1037,SUI,44,0.637262,0.453739,0.666502,0.496218,0.816396,0.704427,pdr
1038,SUN,45,0.226715,0.235082,0.113247,0.100757,0.336521,0.317422,pdr
1039,SWK,45,0.676142,0.489139,0.667587,0.492842,0.817060,0.702027,pdr
1040,SWKS,44,0.672325,0.673477,0.773663,0.769695,0.879581,0.877322,pdr
1041,SWX,45,0.516967,0.334913,0.407395,0.208015,0.638275,0.456086,pdr
1042,SXI,45,0.934283,0.860359,2.888733,2.759220,1.699627,1.661090,pdr
1043,SXT,45,0.407840,0.402354,0.324410,0.317280,0.569570,0.563276,pdr
1044,SYBT,45,0.387653,0.295130,0.284811,0.249682,0.533677,0.499682,pdr
1045,SYK,44,0.680885,0.670091,0.825493,0.801967,0.908566,0.895526,pdr
1046,SYY,44,0.198776,0.193535,0.064826,0.061256,0.254610,0.247499,pdr
1047,T,45,0.247779,0.100690,0.072831,0.017173,0.269871,0.131046,pdr
1048,TAP,40,0.463778,0.349048,0.462545,0.362759,0.680106,0.602295,pdr
1049,TBNK,57,0.134119,0.187249,0.049281,0.062732,0.221993,0.250463,beta_div
1050,TCBK,44,0.263392,0.250984,0.179741,0.178600,0.423959,0.422610,pdr
1051,TCPC,44,0.241920,0.224811,0.524567,0.524455,0.724270,0.724193,pdr
1052,TDS,44,0.211422,0.206649,0.173236,0.149276,0.416217,0.386362,pdr
1053,TECH,45,0.478296,0.371800,0.658463,0.561189,0.811457,0.749126,pdr
1054,TEI,98,0.036057,0.033439,0.002569,0.002729,0.050684,0.052242,beta_div
1055,TEL,43,0.682895,0.656806,0.972460,0.960933,0.986134,0.980272,pdr
1056,TER,44,0.836194,0.698712,1.332581,1.185199,1.154375,1.088668,pdr
1057,TEX,41,0.301528,0.312923,0.184755,0.178879,0.429832,0.422940,pdr
1058,TFC,46,0.255228,0.237902,0.116098,0.101101,0.340731,0.317964,pdr
1059,TFX,44,1.423802,1.423802,5.027933,5.027933,2.242305,2.242305,pdr
1060,TG,40,0.126125,0.209917,0.038139,0.239218,0.195291,0.489099,beta_div
1061,TGNA,44,0.153813,0.088460,0.032084,0.013574,0.179121,0.116508,pdr
1062,TGT,45,2.308749,2.363284,34.203973,33.990913,5.848416,5.830173,pdr
1063,THG,45,1.021019,1.236026,10.187986,10.217936,3.191862,3.196551,beta_div
1064,THO,44,1.016827,0.545300,1.469350,0.715497,1.212167,0.845870,pdr
1065,TILE,44,0.090879,0.100618,0.012829,0.016540,0.113265,0.128606,beta_div
1066,TJX,42,0.368993,0.331168,0.268997,0.247149,0.518649,0.497140,pdr
1067,TKR,45,0.375103,0.328220,0.196765,0.173820,0.443582,0.416918,pdr
1068,TMO,44,2.889282,2.267665,13.726451,12.320343,3.704923,3.510035,pdr
1069,TMP,45,0.465440,0.460728,0.320538,0.310656,0.566161,0.557365,pdr
1070,TNC,45,1.110031,0.336205,1.455597,0.245502,1.206481,0.495481,pdr
1071,TNL,44,0.441210,0.328105,0.321683,0.280862,0.567171,0.529964,pdr
1072,TOWN,44,0.142386,0.149130,0.049411,0.048361,0.222285,0.219910,pdr
1073,TPR,40,0.828100,0.271980,0.788868,0.123715,0.888183,0.351732,pdr
1074,TR,45,0.231712,0.160093,0.086095,0.061586,0.293419,0.248165,pdr
1075,TRGP,45,0.352494,0.355593,0.197426,0.195445,0.444326,0.442092,pdr
1076,TRI,42,0.459264,0.377822,0.331825,0.670635,0.576043,0.818923,beta_div
1077,TRMK,45,11.906381,0.176011,141.807770,0.051680,11.908307,0.227333,pdr
1078,TRN,45,0.165379,0.170314,0.058053,0.057682,0.240942,0.240170,pdr
1079,TRNO,44,0.208462,0.202631,0.100844,0.100174,0.317560,0.316502,pdr
1080,TROW,46,0.778397,0.779885,1.920174,1.919374,1.385703,1.385415,pdr
1081,TROX,42,0.186294,0.177199,0.052939,0.049050,0.230085,0.221472,pdr
1082,TRP,43,0.197886,0.199429,0.070252,0.066893,0.265052,0.258637,pdr
1083,TRST,44,1.643096,0.237569,2.842984,0.146272,1.686115,0.382456,pdr
1084,TRV,44,0.745934,0.770798,2.246795,2.192355,1.498931,1.480660,pdr
1085,TSCO,45,0.140520,0.141308,0.047956,0.049027,0.218988,0.221420,beta_div
1086,TSI,44,0.023439,0.024221,0.000846,0.000825,0.029079,0.028715,pdr
1087,TSN,45,0.278004,0.258650,0.138800,0.135764,0.372558,0.368461,pdr
1088,TT,43,0.737875,0.684100,1.832644,1.700236,1.353752,1.303931,pdr
1089,TTC,43,0.296642,0.295809,0.180219,0.179549,0.424523,0.423732,pdr
1090,TTE,45,0.569303,0.550488,0.509778,0.489369,0.713988,0.699549,pdr
1091,TU,42,0.128277,0.074411,0.023262,0.009912,0.152518,0.099561,pdr
1092,TVC,43,0.157965,0.073495,0.030054,0.011587,0.173362,0.107644,pdr
1093,TWO,45,0.196773,0.211154,0.065170,0.079757,0.255284,0.282413,beta_div
1094,TXN,45,0.853127,0.851660,1.601444,1.594242,1.265482,1.262633,pdr
1095,TXNM,45,0.256290,0.120407,0.091294,0.034145,0.302149,0.184784,pdr
1096,TXRH,40,0.293773,0.294636,0.177847,0.177068,0.421719,0.420794,pdr
1097,TXT,44,0.412479,0.412479,0.437674,0.437674,0.661569,0.661569,pdr
1098,TY,44,0.326378,0.311149,0.333831,0.333814,0.577781,0.577767,pdr
1099,TYG,46,0.381941,0.380233,0.261602,0.261962,0.511470,0.511822,beta_div
1100,UBSI,44,1.035135,0.286957,1.155355,0.216180,1.074875,0.464951,pdr
1101,UCB,43,0.355616,0.258003,0.267046,0.254320,0.516765,0.504301,pdr
1102,UDR,45,0.166206,0.165986,0.048605,0.048534,0.220465,0.220304,pdr
1103,UFCS,45,0.175616,0.179566,0.083788,0.101506,0.289462,0.318601,beta_div
1104,UGI,44,0.322386,0.210593,0.146991,0.107704,0.383394,0.328183,pdr
1105,UHS,42,1.539109,1.236605,8.350621,8.196839,2.889744,2.863012,pdr
1106,UHT,44,1.984577,0.667350,4.784864,2.365445,2.187433,1.538000,pdr
1107,UL,45,0.659838,0.341162,0.574600,0.217184,0.758024,0.466030,pdr
1108,ULH,44,0.212857,0.206782,0.144157,0.143994,0.379680,0.379465,pdr
1109,UMBF,44,0.591472,0.524027,1.085322,0.958466,1.041788,0.979013,pdr
1110,UMH,45,0.859330,0.093754,0.756559,0.021254,0.869804,0.145786,pdr
1111,UNF,44,0.826353,0.828206,2.176392,2.174989,1.475260,1.474784,pdr
1112,UNH,44,2.228276,1.911050,11.094135,10.390683,3.330786,3.223458,pdr
1113,UNM,45,0.257642,0.199478,0.138293,0.106681,0.371878,0.326621,pdr
1114,UNP,45,2.174286,1.085494,12.014281,10.463359,3.466162,3.234712,pdr
1115,UPS,45,0.579631,0.571244,0.915462,0.909427,0.956798,0.953639,pdr
1116,USA,45,0.041111,0.029280,0.002375,0.001588,0.048732,0.039851,pdr
1117,USAC,45,2.094120,0.104646,4.403737,0.019869,2.098508,0.140959,pdr
1118,USB,44,0.182345,0.171400,0.053386,0.050814,0.231055,0.225419,pdr
1119,USPH,41,0.537035,0.504033,0.654670,0.603470,0.809117,0.776833,pdr
1120,UTF,115,0.100052,0.100813,0.027216,0.027045,0.164973,0.164454,pdr
1121,UTL,45,1.348109,0.304386,1.987337,0.495321,1.409729,0.703791,pdr
1122,UTMD,44,0.798182,0.791997,1.439650,1.424359,1.199854,1.193465,pdr
1123,UVE,44,0.187869,0.204712,0.196149,0.187169,0.442887,0.432630,pdr
1124,UVSP,44,3.937303,0.205357,15.638281,0.143416,3.954527,0.378703,pdr
1125,UVV,45,0.418119,0.238890,0.255197,0.110508,0.505171,0.332427,pdr
1126,VBF,134,0.062024,0.061650,0.027222,0.027221,0.164991,0.164986,pdr
1127,VCV,134,0.034104,0.030766,0.002365,0.002100,0.048626,0.045823,pdr
1128,VET,85,0.241550,0.228839,0.110942,0.100707,0.333079,0.317343,pdr
1129,VFC,44,0.501944,0.372292,0.700274,0.657117,0.836824,0.810627,pdr
1130,VGI,134,0.054889,0.052603,0.005246,0.004778,0.072427,0.069123,pdr
1131,VGM,134,0.034407,0.028192,0.002516,0.001984,0.050161,0.044544,pdr
1132,VHI,44,0.322136,0.332756,0.190950,0.190933,0.436978,0.436959,pdr
1133,VKI,134,0.038902,0.038457,0.005477,0.005451,0.074010,0.073828,pdr
1134,VKQ,134,0.038038,0.028826,0.002329,0.001694,0.048255,0.041161,pdr
1135,VLGEA,44,0.129587,0.129587,0.033571,0.033571,0.183223,0.183223,pdr
1136,VLO,45,0.708777,0.683525,1.342093,1.328175,1.158487,1.152465,pdr
1137,VLT,134,0.050734,0.046529,0.006557,0.005862,0.080976,0.076566,pdr
1138,VLY,44,0.102149,0.102149,0.036624,0.036624,0.191374,0.191374,pdr
1139,VMC,44,0.866678,0.824700,1.562435,1.503053,1.249974,1.225991,pdr
1140,VMI,44,1.223978,1.294353,4.795505,4.655655,2.189864,2.157697,pdr
1141,VMO,134,0.034620,0.034594,0.006401,0.006335,0.080008,0.079592,pdr
1142,VNO,40,0.320737,0.306847,0.222067,0.203374,0.471240,0.450970,pdr
1143,VOC,44,0.067865,0.068224,0.007887,0.007848,0.088811,0.088590,pdr
1144,VOYA,45,0.380856,0.856222,0.402886,1.267899,0.634733,1.126010,beta_div
1145,VPV,134,0.051552,0.039329,0.009880,0.008017,0.099400,0.089538,pdr
1146,VRTS,43,1.466951,1.404714,4.429081,4.219654,2.104538,2.054180,pdr
1147,VSEC,45,0.927391,0.667589,1.796874,1.654480,1.340475,1.286266,pdr
1148,VSH,44,0.352287,0.170677,0.147021,0.071533,0.383433,0.267457,pdr
1149,VTN,134,0.057215,0.046969,0.012197,0.010429,0.110442,0.102121,pdr
1150,VTR,45,0.367859,0.281445,0.205691,0.113270,0.453531,0.336556,pdr
1151,VVR,136,0.014202,0.014560,0.001016,0.000978,0.031882,0.031278,pdr
1152,VZ,45,0.188505,0.185139,0.060788,0.053841,0.246553,0.232036,pdr
1153,WABC,45,2.264668,0.348080,5.391703,0.274496,2.322004,0.523924,pdr
1154,WAFD,44,0.159889,0.152696,0.042144,0.039746,0.205290,0.199365,pdr
1155,WASH,44,0.244020,0.210506,0.106449,0.079117,0.326266,0.281278,pdr
1156,WBA,44,0.397301,0.249878,0.250252,0.116417,0.500252,0.341200,pdr
1157,WBS,45,0.463443,0.405618,0.693598,0.676148,0.832825,0.822282,pdr
1158,WCN,43,0.497964,0.418446,0.543930,0.499346,0.737516,0.706644,pdr
1159,WDFC,45,2.003714,1.484175,9.407518,8.741736,3.067168,2.956643,pdr
1160,WEA,134,0.034068,0.034066,0.002131,0.002108,0.046159,0.045918,pdr
1161,WEC,46,0.332608,0.251501,0.209803,0.166786,0.458043,0.408395,pdr
1162,WELL,45,2.109177,0.576863,5.404629,1.074355,2.324786,1.036511,pdr
1163,WEN,45,0.059417,0.062901,0.011426,0.011429,0.106894,0.106905,beta_div
1164,WERN,46,0.182314,0.237714,0.060954,0.198198,0.246888,0.445195,beta_div
1165,WES,44,0.260760,0.205530,0.125198,0.089797,0.353833,0.299662,pdr
1166,WEYS,44,0.203849,0.202757,0.092995,0.100562,0.304950,0.317115,beta_div
1167,WFC,45,0.292090,0.267979,0.124135,0.109979,0.352327,0.331631,pdr
1168,WGO,43,0.462634,0.463179,0.594444,0.566568,0.771002,0.752707,pdr
1169,WHF,49,0.076825,0.077654,0.010043,0.009965,0.100214,0.099827,pdr
1170,WHG,43,0.250359,0.241965,0.099931,0.102729,0.316119,0.320514,beta_div
1171,WHR,45,1.079448,0.826331,1.837887,1.429678,1.355687,1.195691,pdr
1172,WIA,135,0.028639,0.029203,0.001615,0.002393,0.040181,0.048922,beta_div
1173,WINA,46,1.615303,2.263114,6.412945,14.028997,2.532379,3.745530,beta_div
1174,WIW,135,0.024971,0.023401,0.001073,0.001174,0.032756,0.034263,beta_div
1175,WKC,44,0.143270,0.135582,0.032977,0.032400,0.181595,0.179999,pdr
1176,WLK,45,0.870679,0.705144,1.184886,0.947078,1.088525,0.973179,pdr
1177,WLY,44,0.922578,0.221495,0.929456,0.082777,0.964083,0.287710,pdr
1178,WM,44,0.588187,0.311162,0.508768,0.247055,0.713280,0.497046,pdr
1179,WMB,44,0.224635,0.224027,0.120661,0.120683,0.347363,0.347395,beta_div
1180,WMK,44,1.248392,0.243218,1.663477,0.108843,1.289758,0.329914,pdr
1181,WMT,44,0.211479,0.127585,0.070046,0.032749,0.264663,0.180968,pdr
1182,WNEB,45,0.055457,0.054643,0.007381,0.006996,0.085914,0.083640,pdr
1183,WOR,44,0.776912,0.312623,0.746732,0.233084,0.864137,0.482788,pdr
1184,WPC,44,0.278076,0.239497,0.125032,0.092263,0.353599,0.303748,pdr
1185,WPM,44,0.274080,0.275361,0.137289,0.136881,0.370525,0.369974,pdr
1186,WRB,49,0.134861,0.134309,0.040677,0.040656,0.201685,0.201634,pdr
1187,WSBC,44,0.249293,0.244688,0.172187,0.171915,0.414954,0.414626,pdr
1188,WSBF,50,0.069953,0.070480,0.007984,0.008026,0.089353,0.089588,beta_div
1189,WSFS,45,0.237417,0.244488,0.128481,0.127536,0.358442,0.357122,pdr
1190,WSM,45,0.593611,0.371703,0.760516,0.571716,0.872076,0.756119,pdr
1191,WSO,45,1.164751,1.097948,2.300440,2.255871,1.516720,1.501956,pdr
1192,WSR,135,0.062960,0.061823,0.006910,0.006606,0.083124,0.081277,pdr
1193,WST,45,1.567165,1.434313,7.619147,7.139964,2.760280,2.672071,pdr
1194,WT,42,0.154824,0.128365,0.042472,0.048134,0.206087,0.219394,beta_div
1195,WTBA,45,0.179543,0.167993,0.077170,0.074823,0.277794,0.273537,pdr
1196,WTFC,45,0.430792,0.440928,0.334138,0.324057,0.578047,0.569260,pdr
1197,WTRG,45,0.142056,0.099303,0.028896,0.020075,0.169988,0.141688,pdr
1198,WTS,45,1.047881,0.619506,1.631982,0.975886,1.277490,0.987870,pdr
1199,WU,44,0.249331,0.154380,0.118993,0.098197,0.344953,0.313363,pdr
1200,WWD,45,0.580969,0.574488,0.812884,0.809371,0.901601,0.899650,pdr
1201,WWW,44,0.179181,0.165578,0.055724,0.048075,0.236059,0.219260,pdr
1202,WY,46,0.248719,0.174801,0.079140,0.069967,0.281319,0.264513,pdr
1203,X,45,0.257365,0.256715,0.148778,0.142902,0.385717,0.378024,pdr
1204,XOM,45,0.393554,0.381633,0.249609,0.232673,0.499609,0.482361,pdr
1205,XRAY,44,0.176021,0.152989,0.048659,0.038549,0.220588,0.196340,pdr
1206,XRX,44,0.467835,0.235890,0.245476,0.700862,0.495455,0.837175,beta_div
1207,YORW,45,0.148337,0.143524,0.039121,0.038519,0.197790,0.196262,pdr
1208,YUM,45,0.413578,0.411031,0.287765,0.277764,0.536437,0.527034,pdr
1209,ZBH,44,0.405477,0.410064,0.342791,0.326286,0.585484,0.571215,pdr
1210,ZEUS,45,0.187780,0.187790,0.080957,0.082898,0.284529,0.287921,beta_div
1211,ZION,45,0.367274,0.387606,0.220967,0.239296,0.470071,0.489179,beta_div
1212,ZTR,137,0.041352,0.041463,0.003361,0.003347,0.057974,0.057851,pdr
1213,ZTS,45,0.541384,0.490626,0.563965,0.552691,0.750976,0.743432,pdr
